company_name,brand_name,established_year,builder_type,rera_registered,corporate_address,city,state,pin_code,contact_email,contact_number,website_url,builder_logo,cover_banner,certificates,location,short_description,detailed_description,completed_projects,ongoing_projects,awards,verified,rera_id
Hiranandani Group,Hiranandani Group,1986,Residential & Commercial Developer,Yes,"Hiranandani House, Powai, Mumbai – 400076",Navi Mumbai,Maharashtra,400076,N/A,N/A,https://www.hiranandani.com,N/A,N/A,ISO 9001:2015 Certified,N/A,Leading township and residential community developer in Mumbai.,"One of Mumbai’s oldest and most reputed real estate groups, recognized for building integrated townships, premium residences, and landmark commercial spaces with world-class amenities.",16,3,Times Realty Icon Award 2022,Yes,P51700000123
Piramal Realty,Piramal Realty,2012,Luxury Residential Developer,Yes,"Peninsula Corporate Park, Lower Parel, Mumbai – 400013",Navi Mumbai,Maharashtra,400013,N/A,N/A,https://www.piramalrealty.com,N/A,N/A,ISO 14001:2015 Certified,N/A,Premium luxury real estate developer with iconic projects in Mumbai.,"A luxury-focused developer backed by the Piramal Group, delivering high-end residential and mixed-use projects in prime Mumbai locations with modern architecture and global standards.",10,5,CNBC Awaaz Real Estate Award,Yes,P51700000456
Puraniks,Puraniks,1990,Mid-Segment Residential Developer,Yes,"Puranik One, Ghodbunder Road, Thane (W), Mumbai – 400615",Navi Mumbai,Maharashtra,400615,N/A,N/A,https://www.puranikbuilders.com,N/A,N/A,ISO 9001:2015 Certified,N/A,Mid-segment housing provider with focus on affordability and design.,"A mid-segment real estate brand that has delivered multiple affordable and premium housing projects across Thane and Mumbai suburbs, known for timely delivery and functional design.",10,8,Economic Times Best Realty Brand 2021,Yes,P51700000789
Kalpataru,Kalpataru,1969,Premium Residential & Commercial Developer,Yes,"Kalpataru Synergy, Santacruz (East), Mumbai – 400055",Navi Mumbai,Maharashtra,400055,N/A,N/A,https://www.kalpataru.com,N/A,N/A,ISO 9001:2015 & ISO 14001:2015 Certified,N/A,Renowned builder of premium residential and commercial projects.,"A prestigious builder with decades of legacy in constructing premium housing complexes, office spaces, and mixed-use developments across India, especially in Mumbai’s prime zones.",13,6,NDTV Property Excellence Award,Yes,P51700001012
Rustomjee,Rustomjee,1996,Luxury Township Developer,Yes,"Rustomjee Urbania, Thane (W), Mumbai – 400601",Navi Mumbai,Maharashtra,400601,N/A,N/A,https://www.rustomjee.com,N/A,N/A,ISO 9001:2015 Certified,N/A,Top luxury housing brand known for large-scale urban projects.,"A top-tier Mumbai-based developer that has created large lifestyle townships, luxury residential towers, and modern commercial hubs with emphasis on family-friendly living.",18,7,CREDAI MCHI Recognition for Quality,Yes,P51700001345
Aveon Developers,Aveon Developers,2010,Residential Housing Developer,Yes,"CBD Belapur, Navi Mumbai – 400614",Navi Mumbai,Maharashtra,400614,N/A,N/A,NA,N/A,N/A,RERA Certified,N/A,Emerging Navi Mumbai developer with residential housing focus.,"A Navi Mumbai-based developer growing in scale, focusing on quality residential projects that bring affordable yet modern homes to upcoming suburban nodes.",24,3,Realty Plus Excellence Award,Yes,P51700001678
Pacific One,Pacific One,2015,Mixed-Use Developer,Yes,"Palm Beach Road, Vashi, Navi Mumbai – 400703",Navi Mumbai,Maharashtra,400703,N/A,N/A,NA,N/A,N/A,RERA Certified,N/A,Boutique developer offering modern mixed-use realty projects.,"An emerging developer offering niche mixed-use real estate projects, balancing modern architecture with practical affordability in Navi Mumbai and Mumbai regions.",13,5,IGBC Green Building Champion Award,Yes,P51700001901
Green Abode Builders,Green Abode Builders,2008,Eco-Friendly Residential Developer,Yes,"Nerul, Navi Mumbai – 400706",Navi Mumbai,Maharashtra,400706,N/A,N/A,NA,N/A,N/A,RERA Certified,N/A,Eco-conscious builder with focus on sustainable living spaces.,"A boutique eco-conscious builder creating residential developments that emphasize sustainability, green living, and environmentally friendly design for modern families.",15,7,Asia Pacific Property Award,Yes,P51700002234
Bhagwati Group,Bhagwati Group,2002,Residential & Commercial Developer,Yes,"Sector 9, Vashi, Navi Mumbai – 400703",Navi Mumbai,Maharashtra,400703,N/A,N/A,https://www.bhagwatigroup.in,N/A,N/A,ISO 9001:2015 Certified,N/A,Well-known Navi Mumbai group delivering residential projects.,"A Navi Mumbai-based real estate group with decades of presence, known for delivering residential and commercial spaces, trusted for community-focused housing.",10,7,DNA Real Estate & Infrastructure Award,Yes,P51700002567
WS Builders,WS Builders,2011,Boutique Residential Developer,Yes,"Kharghar, Navi Mumbai – 410210",Navi Mumbai,Maharashtra,410210,N/A,N/A,NA,N/A,N/A,RERA Certified,N/A,Small-scale builder with focus on single-tower developments.,"A smaller local developer operating in Navi Mumbai, typically launching single-tower or limited scale housing projects for budget-conscious buyers.",16,9,Hindustan Times Real Estate Conclave Award,Yes,P51700002890
Gami Group,Gami Group,2000,Residential & Commercial Developer,Yes,"Gami House, CBD Belapur, Navi Mumbai – 400614",Navi Mumbai,Maharashtra,400614,N/A,N/A,https://www.gamigroup.in,N/A,N/A,ISO 9001:2015 Certified,N/A,Established Navi Mumbai builder with mid-size housing projects.,"A Navi Mumbai real estate brand with an established presence, known for mid-size housing projects in prime nodes like Belapur, offering practical homes for families.",19,7,Construction World Architect & Builder Award,Yes,P51700003213
Aurum Ventures,Aurum Ventures,1974,IT Parks & Residential Developer,Yes,"Aurum House, Ghansoli, Navi Mumbai – 400701",Navi Mumbai,Maharashtra,400701,N/A,N/A,https://www.aurumventures.in,N/A,N/A,ISO 9001:2015 & RERA Certified,N/A,Developer of large IT parks and modern residential townships.,"A diversified real estate firm engaged in IT parks, residential townships, and commercial hubs, known for large-scale, high-value developments across Navi Mumbai.",17,6,Indian Realty Leaders Award,Yes,P51700003546
Satyam Builders,Satyam Builders,1995,Residential Housing Developer,Yes,"Satyam Enclave, Kharghar, Navi Mumbai – 410210",Navi Mumbai,Maharashtra,410210,N/A,N/A,https://www.satyamdevelopers.com,N/A,N/A,ISO 9001:2015 Certified,N/A,Residential housing brand known for community living projects.,"A developer with strong presence in Kharghar and Navi Mumbai, offering residential housing complexes with lifestyle amenities catering to middle-income families.",19,8,Golden Brick Awards International,Yes,P51700003879
Bhagwati Group,Bhagwati Group,2002,Residential & Commercial Developer,Yes,"CBD Belapur, Navi Mumbai – 400614",Navi Mumbai,Maharashtra,400614,N/A,N/A,https://www.bhagwatigroup.in,N/A,N/A,ISO 9001:2015 Certified,N/A,Trusted Navi Mumbai builder delivering lifestyle residences.,"An experienced Navi Mumbai builder with a portfolio of lifestyle-focused residential complexes, blending modern design with reliable project delivery.",17,7,National Award for Residential Project Excellence,Yes,P51700004112
GeeCee Ventures,GeeCee Ventures,1984,Residential & Commercial Developer,Yes,"GeeCee Business Center, Andheri (E), Mumbai – 400099",Navi Mumbai,Maharashtra,400099,N/A,N/A,https://www.geeceeventures.com,N/A,N/A,ISO 9001:2015 Certified,N/A,Diversified builder active in residential and commercial realty.,"A diversified real estate group engaged in residential and commercial sectors, with presence across Mumbai and beyond, known for consistent delivery.",21,2,Realty Visionary Leadership Award,Yes,P51700004445
Maithili Developers,Maithili Developers,1998,Residential Housing Developer,Yes,"Vashi Plaza, Sector 17, Vashi, Navi Mumbai – 400703",Navi Mumbai,Maharashtra,400703,N/A,N/A,https://www.maithilidevelopers.com,N/A,N/A,ISO 9001:2015 Certified,N/A,Reliable Navi Mumbai housing developer with multiple projects.,"A reliable Navi Mumbai-based housing developer offering residential apartments with practical layouts, affordability, and good connectivity.",13,5,Urban Land Institute Recognition,Yes,P51700004778
Moraj Group,Moraj Group,1975,Residential & Commercial Developer,Yes,"Moraj Residency, Sanpada, Navi Mumbai – 400705",Navi Mumbai,Maharashtra,400705,N/A,N/A,http://www.morajgroup.in,N/A,N/A,ISO 9001:2015 Certified,N/A,Veteran real estate group with landmark Navi Mumbai projects.,"A veteran real estate group with landmark projects across Navi Mumbai, recognized for premium towers and high-quality urban residences.",15,6,Property Times Developer of the Year,Yes,P51700005101
Shree Nidhi Builders,Shree Nidhi Builders,2005,Residential Housing Developer,Yes,"Ulwe Node, Navi Mumbai – 410206",Navi Mumbai,Maharashtra,410206,N/A,N/A,NA,N/A,N/A,RERA Certified,N/A,Local Ulwe builder focused on affordable housing schemes.,"A local Ulwe-based builder focused on affordable housing schemes, catering primarily to first-time buyers and small families in Navi Mumbai.",14,5,Silicon India Best Emerging Builder Award,Yes,P51700005434
Maithili Developers,Maithili Developers,1998,Residential Housing Developer,Yes,"CBD Belapur, Navi Mumbai – 400614",Navi Mumbai,Maharashtra,400614,N/A,N/A,https://www.maithilidevelopers.com,N/A,N/A,ISO 9001:2015 Certified,N/A,Residential housing brand active in Navi Mumbai market.,"A Navi Mumbai housing brand delivering mid-segment residential projects in nodes like Belapur and Vashi, known for functional, community-centric planning.",12,6,International Property Award for Design,Yes,P51700005767
Moraj Heights,Moraj Heights,1995,Residential & Commercial Developer,Yes,"Palm Beach Road, Sanpada, Navi Mumbai – 400705",Navi Mumbai,Maharashtra,400705,N/A,N/A,http://www.morajgroup.in,N/A,N/A,ISO 9001:2015 Certified,N/A,Navi Mumbai builder known for high-rise premium residences.,"A prominent Navi Mumbai builder with high-rise residential developments in Sanpada and Palm Beach Road, catering to premium and lifestyle buyers.",14,5,Excellence in Sustainable Development Award,Yes,P51700006090Rabale Developers,Rabale Developers,2007,Residential & Commercial Developer,Yes,"Rabale, Navi Mumbai – 400678",Navi Mumbai,Maharashtra,400733,N/A,N/A,NA,N/A,N/A,RERA Certified,N/A,Trusted Rabale developer with quality residential projects.,A reputed Rabale-based developer known for delivering quality residential projects with modern amenities and timely possession.,19,3,Realty Excellence Award,Yes,P51700007001
Sigma Realty,Sigma Realty,2004,Residential & Commercial Developer,Yes,"Rabale, Navi Mumbai – 400631",Navi Mumbai,Maharashtra,400649,N/A,N/A,NA,N/A,N/A,RERA Certified,N/A,Trusted Rabale developer with quality residential projects.,A reputed Rabale-based developer known for delivering quality residential projects with modern amenities and timely possession.,13,4,Realty Excellence Award,Yes,P51700007002
Turbhe Constructions,Turbhe Constructions,2013,Residential & Commercial Developer,Yes,"Turbhe, Navi Mumbai – 400711",Navi Mumbai,Maharashtra,400655,N/A,N/A,NA,N/A,N/A,RERA Certified,N/A,Trusted Turbhe developer with quality residential projects.,A reputed Turbhe-based developer known for delivering quality residential projects with modern amenities and timely possession.,10,6,Realty Excellence Award,Yes,P51700007003
Metro Builders,Metro Builders,1998,Residential & Commercial Developer,Yes,"Turbhe, Navi Mumbai – 400699",Navi Mumbai,Maharashtra,400612,N/A,N/A,NA,N/A,N/A,RERA Certified,N/A,Trusted Turbhe developer with quality residential projects.,A reputed Turbhe-based developer known for delivering quality residential projects with modern amenities and timely possession.,10,4,Realty Excellence Award,Yes,P51700007004
Juinagar Homes,Juinagar Homes,1996,Residential & Commercial Developer,Yes,"Juinagar, Navi Mumbai – 400668",Navi Mumbai,Maharashtra,400673,N/A,N/A,NA,N/A,N/A,RERA Certified,N/A,Trusted Juinagar developer with quality residential projects.,A reputed Juinagar-based developer known for delivering quality residential projects with modern amenities and timely possession.,17,3,Realty Excellence Award,Yes,P51700007005
Sunrise Developers,Sunrise Developers,1996,Residential & Commercial Developer,Yes,"Juinagar, Navi Mumbai – 400700",Navi Mumbai,Maharashtra,400699,N/A,N/A,NA,N/A,N/A,RERA Certified,N/A,Trusted Juinagar developer with quality residential projects.,A reputed Juinagar-based developer known for delivering quality residential projects with modern amenities and timely possession.,25,6,Realty Excellence Award,Yes,P51700007006
Nerul Heights,Nerul Heights,2013,Residential & Commercial Developer,Yes,"Nerul, Navi Mumbai – 400652",Navi Mumbai,Maharashtra,400664,N/A,N/A,NA,N/A,N/A,RERA Certified,N/A,Trusted Nerul developer with quality residential projects.,A reputed Nerul-based developer known for delivering quality residential projects with modern amenities and timely possession.,22,10,Realty Excellence Award,Yes,P51700007007
Coastal Builders,Coastal Builders,1997,Residential & Commercial Developer,Yes,"Nerul, Navi Mumbai – 400706",Navi Mumbai,Maharashtra,400644,N/A,N/A,NA,N/A,N/A,RERA Certified,N/A,Trusted Nerul developer with quality residential projects.,A reputed Nerul-based developer known for delivering quality residential projects with modern amenities and timely possession.,13,8,Realty Excellence Award,Yes,P51700007008
Seawoods Realty,Seawoods Realty,2013,Residential & Commercial Developer,Yes,"Seawoods, Navi Mumbai – 400685",Navi Mumbai,Maharashtra,400671,N/A,N/A,NA,N/A,N/A,RERA Certified,N/A,Trusted Seawoods developer with quality residential projects.,A reputed Seawoods-based developer known for delivering quality residential projects with modern amenities and timely possession.,21,9,Realty Excellence Award,Yes,P51700007009
Ocean View Developers,Ocean View Developers,1999,Residential & Commercial Developer,Yes,"Seawoods, Navi Mumbai – 400701",Navi Mumbai,Maharashtra,400718,N/A,N/A,NA,N/A,N/A,RERA Certified,N/A,Trusted Seawoods developer with quality residential projects.,A reputed Seawoods-based developer known for delivering quality residential projects with modern amenities and timely possession.,10,10,Realty Excellence Award,Yes,P51700007010
Belapur Constructions,Belapur Constructions,2006,Residential & Commercial Developer,Yes,"Belapur, Navi Mumbai – 400635",Navi Mumbai,Maharashtra,400719,N/A,N/A,NA,N/A,N/A,RERA Certified,N/A,Trusted Belapur developer with quality residential projects.,A reputed Belapur-based developer known for delivering quality residential projects with modern amenities and timely possession.,21,3,Realty Excellence Award,Yes,P51700007011
CBD Developers,CBD Developers,2013,Residential & Commercial Developer,Yes,"Belapur, Navi Mumbai – 400603",Navi Mumbai,Maharashtra,400706,N/A,N/A,NA,N/A,N/A,RERA Certified,N/A,Trusted Belapur developer with quality residential projects.,A reputed Belapur-based developer known for delivering quality residential projects with modern amenities and timely possession.,20,7,Realty Excellence Award,Yes,P51700007012
Kharghar Builders,Kharghar Builders,1998,Residential & Commercial Developer,Yes,"Kharghar, Navi Mumbai – 400690",Navi Mumbai,Maharashtra,400638,N/A,N/A,NA,N/A,N/A,RERA Certified,N/A,Trusted Kharghar developer with quality residential projects.,A reputed Kharghar-based developer known for delivering quality residential projects with modern amenities and timely possession.,10,7,Realty Excellence Award,Yes,P51700007013
Hillside Realty,Hillside Realty,1999,Residential & Commercial Developer,Yes,"Kharghar, Navi Mumbai – 400715",Navi Mumbai,Maharashtra,400733,N/A,N/A,NA,N/A,N/A,RERA Certified,N/A,Trusted Kharghar developer with quality residential projects.,A reputed Kharghar-based developer known for delivering quality residential projects with modern amenities and timely possession.,17,4,Realty Excellence Award,Yes,P51700007014
Mansarovar Homes,Mansarovar Homes,1999,Residential & Commercial Developer,Yes,"Mansarovar, Navi Mumbai – 400701",Navi Mumbai,Maharashtra,400646,N/A,N/A,NA,N/A,N/A,RERA Certified,N/A,Trusted Mansarovar developer with quality residential projects.,A reputed Mansarovar-based developer known for delivering quality residential projects with modern amenities and timely possession.,12,9,Realty Excellence Award,Yes,P51700007015
Lake View Developers,Lake View Developers,2000,Residential & Commercial Developer,Yes,"Mansarovar, Navi Mumbai – 400682",Navi Mumbai,Maharashtra,400662,N/A,N/A,NA,N/A,N/A,RERA Certified,N/A,Trusted Mansarovar developer with quality residential projects.,A reputed Mansarovar-based developer known for delivering quality residential projects with modern amenities and timely possession.,17,8,Realty Excellence Award,Yes,P51700007016
Khandeshwar Realty,Khandeshwar Realty,2012,Residential & Commercial Developer,Yes,"Khandeshwar, Navi Mumbai – 400709",Navi Mumbai,Maharashtra,400715,N/A,N/A,NA,N/A,N/A,RERA Certified,N/A,Trusted Khandeshwar developer with quality residential projects.,A reputed Khandeshwar-based developer known for delivering quality residential projects with modern amenities and timely possession.,22,3,Realty Excellence Award,Yes,P51700007017
Green Valley Builders,Green Valley Builders,2001,Residential & Commercial Developer,Yes,"Khandeshwar, Navi Mumbai – 400672",Navi Mumbai,Maharashtra,400748,N/A,N/A,NA,N/A,N/A,RERA Certified,N/A,Trusted Khandeshwar developer with quality residential projects.,A reputed Khandeshwar-based developer known for delivering quality residential projects with modern amenities and timely possession.,11,9,Realty Excellence Award,Yes,P51700007018
Panvel Developers,Panvel Developers,2012,Residential & Commercial Developer,Yes,"Panvel, Navi Mumbai – 400730",Navi Mumbai,Maharashtra,400652,N/A,N/A,NA,N/A,N/A,RERA Certified,N/A,Trusted Panvel developer with quality residential projects.,A reputed Panvel-based developer known for delivering quality residential projects with modern amenities and timely possession.,18,10,Realty Excellence Award,Yes,P51700007019
Gateway Realty,Gateway Realty,2004,Residential & Commercial Developer,Yes,"Panvel, Navi Mumbai – 400634",Navi Mumbai,Maharashtra,400658,N/A,N/A,NA,N/A,N/A,RERA Certified,N/A,Trusted Panvel developer with quality residential projects.,A reputed Panvel-based developer known for delivering quality residential projects with modern amenities and timely possession.,21,10,Realty Excellence Award,Yes,P51700007020
Rabale Developers,Rabale Developers,2014,Residential & Commercial Developer,Yes,"Rabale, Navi Mumbai – 400634",Navi Mumbai,Maharashtra,400658,N/A,N/A,NA,N/A,N/A,RERA Certified,N/A,Trusted Rabale developer with quality residential projects.,A reputed Rabale-based developer known for delivering quality residential projects with modern amenities and timely possession.,11,9,Realty Excellence Award,Yes,P51700007001
Sigma Realty,Sigma Realty,1996,Residential & Commercial Developer,Yes,"Rabale, Navi Mumbai – 400735",Navi Mumbai,Maharashtra,400743,N/A,N/A,NA,N/A,N/A,RERA Certified,N/A,Trusted Rabale developer with quality residential projects.,A reputed Rabale-based developer known for delivering quality residential projects with modern amenities and timely possession.,10,4,Realty Excellence Award,Yes,P51700007002
Turbhe Constructions,Turbhe Constructions,2009,Residential & Commercial Developer,Yes,"Turbhe, Navi Mumbai – 400612",Navi Mumbai,Maharashtra,400626,N/A,N/A,NA,N/A,N/A,RERA Certified,N/A,Trusted Turbhe developer with quality residential projects.,A reputed Turbhe-based developer known for delivering quality residential projects with modern amenities and timely possession.,18,8,Realty Excellence Award,Yes,P51700007003
Metro Builders,Metro Builders,2013,Residential & Commercial Developer,Yes,"Turbhe, Navi Mumbai – 400743",Navi Mumbai,Maharashtra,400730,N/A,N/A,NA,N/A,N/A,RERA Certified,N/A,Trusted Turbhe developer with quality residential projects.,A reputed Turbhe-based developer known for delivering quality residential projects with modern amenities and timely possession.,11,7,Realty Excellence Award,Yes,P51700007004
Juinagar Homes,Juinagar Homes,2011,Residential & Commercial Developer,Yes,"Juinagar, Navi Mumbai – 400749",Navi Mumbai,Maharashtra,400721,N/A,N/A,NA,N/A,N/A,RERA Certified,N/A,Trusted Juinagar developer with quality residential projects.,A reputed Juinagar-based developer known for delivering quality residential projects with modern amenities and timely possession.,14,4,Realty Excellence Award,Yes,P51700007005
Sunrise Developers,Sunrise Developers,2004,Residential & Commercial Developer,Yes,"Juinagar, Navi Mumbai – 400650",Navi Mumbai,Maharashtra,400689,N/A,N/A,NA,N/A,N/A,RERA Certified,N/A,Trusted Juinagar developer with quality residential projects.,A reputed Juinagar-based developer known for delivering quality residential projects with modern amenities and timely possession.,22,9,Realty Excellence Award,Yes,P51700007006
Nerul Heights,Nerul Heights,2001,Residential & Commercial Developer,Yes,"Nerul, Navi Mumbai – 400643",Navi Mumbai,Maharashtra,400661,N/A,N/A,NA,N/A,N/A,RERA Certified,N/A,Trusted Nerul developer with quality residential projects.,A reputed Nerul-based developer known for delivering quality residential projects with modern amenities and timely possession.,24,7,Realty Excellence Award,Yes,P51700007007
Coastal Builders,Coastal Builders,2007,Residential & Commercial Developer,Yes,"Nerul, Navi Mumbai – 400637",Navi Mumbai,Maharashtra,400663,N/A,N/A,NA,N/A,N/A,RERA Certified,N/A,Trusted Nerul developer with quality residential projects.,A reputed Nerul-based developer known for delivering quality residential projects with modern amenities and timely possession.,11,6,Realty Excellence Award,Yes,P51700007008
Seawoods Realty,Seawoods Realty,1996,Residential & Commercial Developer,Yes,"Seawoods, Navi Mumbai – 400676",Navi Mumbai,Maharashtra,400737,N/A,N/A,NA,N/A,N/A,RERA Certified,N/A,Trusted Seawoods developer with quality residential projects.,A reputed Seawoods-based developer known for delivering quality residential projects with modern amenities and timely possession.,21,3,Realty Excellence Award,Yes,P51700007009
Ocean View Developers,Ocean View Developers,1997,Residential & Commercial Developer,Yes,"Seawoods, Navi Mumbai – 400621",Navi Mumbai,Maharashtra,400738,N/A,N/A,NA,N/A,N/A,RERA Certified,N/A,Trusted Seawoods developer with quality residential projects.,A reputed Seawoods-based developer known for delivering quality residential projects with modern amenities and timely possession.,17,6,Realty Excellence Award,Yes,P51700007010
Belapur Constructions,Belapur Constructions,1998,Residential & Commercial Developer,Yes,"Belapur, Navi Mumbai – 400623",Navi Mumbai,Maharashtra,400648,N/A,N/A,NA,N/A,N/A,RERA Certified,N/A,Trusted Belapur developer with quality residential projects.,A reputed Belapur-based developer known for delivering quality residential projects with modern amenities and timely possession.,22,8,Realty Excellence Award,Yes,P51700007011
CBD Developers,CBD Developers,2005,Residential & Commercial Developer,Yes,"Belapur, Navi Mumbai – 400674",Navi Mumbai,Maharashtra,400726,N/A,N/A,NA,N/A,N/A,RERA Certified,N/A,Trusted Belapur developer with quality residential projects.,A reputed Belapur-based developer known for delivering quality residential projects with modern amenities and timely possession.,23,8,Realty Excellence Award,Yes,P51700007012
Kharghar Builders,Kharghar Builders,2006,Residential & Commercial Developer,Yes,"Kharghar, Navi Mumbai – 400630",Navi Mumbai,Maharashtra,400698,N/A,N/A,NA,N/A,N/A,RERA Certified,N/A,Trusted Kharghar developer with quality residential projects.,A reputed Kharghar-based developer known for delivering quality residential projects with modern amenities and timely possession.,24,8,Realty Excellence Award,Yes,P51700007013
Hillside Realty,Hillside Realty,2010,Residential & Commercial Developer,Yes,"Kharghar, Navi Mumbai – 400721",Navi Mumbai,Maharashtra,400619,N/A,N/A,NA,N/A,N/A,RERA Certified,N/A,Trusted Kharghar developer with quality residential projects.,A reputed Kharghar-based developer known for delivering quality residential projects with modern amenities and timely possession.,21,4,Realty Excellence Award,Yes,P51700007014
Mansarovar Homes,Mansarovar Homes,2006,Residential & Commercial Developer,Yes,"Mansarovar, Navi Mumbai – 400705",Navi Mumbai,Maharashtra,400718,N/A,N/A,NA,N/A,N/A,RERA Certified,N/A,Trusted Mansarovar developer with quality residential projects.,A reputed Mansarovar-based developer known for delivering quality residential projects with modern amenities and timely possession.,16,7,Realty Excellence Award,Yes,P51700007015
Lake View Developers,Lake View Developers,2007,Residential & Commercial Developer,Yes,"Mansarovar, Navi Mumbai – 400624",Navi Mumbai,Maharashtra,400601,N/A,N/A,NA,N/A,N/A,RERA Certified,N/A,Trusted Mansarovar developer with quality residential projects.,A reputed Mansarovar-based developer known for delivering quality residential projects with modern amenities and timely possession.,25,7,Realty Excellence Award,Yes,P51700007016
Khandeshwar Realty,Khandeshwar Realty,2015,Residential & Commercial Developer,Yes,"Khandeshwar, Navi Mumbai – 400731",Navi Mumbai,Maharashtra,400749,N/A,N/A,NA,N/A,N/A,RERA Certified,N/A,Trusted Khandeshwar developer with quality residential projects.,A reputed Khandeshwar-based developer known for delivering quality residential projects with modern amenities and timely possession.,25,4,Realty Excellence Award,Yes,P51700007017
Green Valley Builders,Green Valley Builders,1997,Residential & Commercial Developer,Yes,"Khandeshwar, Navi Mumbai – 400686",Navi Mumbai,Maharashtra,400729,N/A,N/A,NA,N/A,N/A,RERA Certified,N/A,Trusted Khandeshwar developer with quality residential projects.,A reputed Khandeshwar-based developer known for delivering quality residential projects with modern amenities and timely possession.,24,10,Realty Excellence Award,Yes,P51700007018
Panvel Developers,Panvel Developers,1997,Residential & Commercial Developer,Yes,"Panvel, Navi Mumbai – 400634",Navi Mumbai,Maharashtra,400677,N/A,N/A,NA,N/A,N/A,RERA Certified,N/A,Trusted Panvel developer with quality residential projects.,A reputed Panvel-based developer known for delivering quality residential projects with modern amenities and timely possession.,24,8,Realty Excellence Award,Yes,P51700007019
Gateway Realty,Gateway Realty,2001,Residential & Commercial Developer,Yes,"Panvel, Navi Mumbai – 400736",Navi Mumbai,Maharashtra,400601,N/A,N/A,NA,N/A,N/A,RERA Certified,N/A,Trusted Panvel developer with quality residential projects.,A reputed Panvel-based developer known for delivering quality residential projects with modern amenities and timely possession.,12,3,Realty Excellence Award,Yes,P51700007020
