Property_Name,Location,Carpet_Area,Price_Starting_From,Pricing,Highlights,Extra_Charges,Builder_Name,Builder_Details,Existing_Configurations,Built_up_Area,Main_Door_Facing,Ceiling_Height,Kitchen,Key_Highlights,Address,Flat_Details,Loan_Availability,Approved_by_Authorities,Project_Status,Possession_Date,RERA_ID,Vastu_Compliant,Parking,Lift_Availability,Security,Connectivity,city,locality
Hiranandani Estate , Thane,"434 to 1,433 sq.ft",72 L to 2.5 Cr,72 L,"Township, Amenities",₹6–8 Lakh,Hiranandani Group,Large township developer,1/2/3 BHK,650–950 sq.ft.,East–West,9.0 – 9.5 ft,Modular Kitchen with Granite Platform,Good connectivity,"Hiranandani Estate, Ghodbunder Road, Thane",1 BHK – 450–550 sq.ft.,"Available from HDFC, ICICI, SBI",MahaRERA (project-specific),Ongoing/Completed (varies),Dec 2025,P51700000123,Yes,Basement & Podium Parking,Yes,24x7 security,Well connected to Eastern Express Highway & Thane Railway Station,Thane,Hiranandani Estate
Piramal Vaikunth, Thane,"318 to 1,370 sq.ft",73.24 L to 3.16 Cr,68.1 L,Premium developer,₹7–10 Lakh,Piramal Realty,"National developer, premium projects",2/3 BHK,750–1150 sq.ft.,North–East,10.0 – 10.5 ft,Parallel Kitchen with Dry Balcony,Premium finishes,"Balkum Pada, Thane",2 BHK – 650–750 sq.ft.,"Available from HDFC, Axis Bank, ICICI",MahaRERA,Ongoing,Dec 2026,P51700000456,Yes,Multi-level Car Parking,Yes,access control,Close to Eastern Express Highway & Majiwada Junction,Thane,Balkum Pada
Puranik City , Thane,"420 to1,250 sq.ft ",55 L to 1.8 Cr,55 L,Well-known developer,₹4–6 Lakh,Puraniks,Regional developer,1/2/3 BHK,600–900 sq.ft.,East–South,9.0 – 9.5 ft,L-Shaped Modular Kitchen,Near amenities,"Kolshet, Thane",1 & 2 BHK – 400–750 sq.ft.,"Available from SBI, HDFC, BOI",MahaRERA,Ongoing,Sep 2025,P51700000789,No,Open & Stilt Parking,Yes,manned security,Direct access to Ghodbunder Road & Kasarvadavali Metro,Thane,Kolshet
Kalpataru Immensa , Thane,"450 to 1,300 sq .ft",75 L to 2.2 Cr,75 L,Branded developer,₹8–12 Lakh,Kalpataru,Pan-India developer,2/3 BHK,900–1450 sq.ft.,West–North,10.0 – 11.0 ft,Open Kitchen with Breakfast Counter,High quality construction,"Kolshet, Thane",2 & 3 BHK – 850–1200 sq.ft.,"Available from HDFC, ICICI, Axis Bank, SBI",MahaRERA,Ongoing,Dec 2026,P51700001012,Yes,Basement + Podium Parking,Yes,cctv security,"Near Kolshet Road, connectivity to Eastern Express Highway",Thane,Kolshet
Rustomjee Azziano ,Thane,"480 to 1,350 sq .ft",95 L to 2.5 Cr,95 L,Premium finishes,₹6–9 Lakh,Rustomjee,Luxury developer,2/3 BHK,800–1200 sq.ft.,East–North,9.5 – 10.0 ft,Modular Kitchen with Hob & Chimney,Luxury amenities,Thane,2 BHK – 700–900 sq.ft.,"Available from HDFC, ICICI, Kotak",MahaRERA,Ongoing,Oct 2025,P51700001345,Yes,Podium Parking,Yes,multi-tier security,Close to Majiwada & Balkum Metro Stations,Thane,Thane Central
Aveon City ,Airoli,"420 to 1,050 sq.ft",48 L to 1.3 Cr,48 L,Planned residential,₹3–5 Lakh,Aveon Developers,Local developer,1/2/3 BHK,550–850 sq.ft.,South–West,9.0 – 9.5 ft,Compact Modular Kitchen,Near Airoli station,"Airoli, Navi Mumbai",1 BHK – 400–550 sq.ft.,"Available from SBI, BOI, HDFC",MahaRERA,Ongoing/Ready,Feb 2026,P51700001678,No,Stilt + Open Parking,Yes,manned security,Proximity to Panvel Railway Station & Mumbai-Pune Expressway,Navi Mumbai,Airoli
Pacific One Pyramid,Airoli,375 to 950 sq. ft,42 L to 1.2 Cr,42 L,Integrated project,₹4–6 Lakh,Pacific One,Regional developer,1/2 BHK,700–1050 sq.ft.,East–West,9.0 – 9.5 ft,Straight Platform Kitchen,Affordable options,"Airoli, Navi Mumbai",1 & 2 BHK – 450–750 sq.ft.,"Available from HDFC, Axis Bank",MahaRERA,Ongoing,May 2026,P51700001901,Yes,Basement Parking,Yes,cctv security,Near Juinagar & Sanpada Railway Stations,Navi Mumbai,Airoli
Green Abode ,Airoli,380 to 860 sq .ft ,38 L to 1.1 Cr,38 L,Value housing,₹2–4 Lakh,Green Abode Builders,Local builder,1/2 BHK,500–800 sq.ft.,North–South,8.5 – 9.0 ft,Closed Kitchen with Ventilation Window,Ready to move,"Airoli, Navi Mumbai",1 BHK – 350–500 sq.ft.,"Available from SBI, BOI",MahaRERA,Completed,Jan 2026,P51700002234,No,Open Parking,Yes,manned security,Close to Ulwe Node & Upcoming Navi Mumbai Airport,Navi Mumbai,Airoli
Bhagwati New Palm Beach ,Airoli ,"400 to 1,000 sq.ft.",45 L to 1.4 Cr,45L,Mid-segment,₹5–7 Lakh,Bhagwati Group,Regional builder,1/2 BHK,850–1250 sq.ft.,West–East,9.5 – 10.0 ft,Spacious Modular Kitchen with Utility,Good connectivity,Airoli,2 & 3 BHK – 850–1100 sq.ft.,"Available from HDFC, ICICI, Axis Bank",MahaRERA,Ongoing,Jun 2026,P51700002567,Yes,Podium + Stilt Parking,Yes,access control,"Facing Palm Beach Road, near CBD Belapur",Navi Mumbai,Airoli
WS White Stone ,Airoli,360 to 820 sq.ft.,36 L to 1.1 Cr,36 L,Small project,₹3–5 Lakh,WS Builders,Local developer,1/2 BHK,600–950 sq.ft.,East–North,9.0 – 9.5 ft,Parallel Kitchen Setup,Affordable,Airoli,1 & 2 BHK – 500–750 sq.ft.,"Available from SBI, HDFC",MahaRERA,Ready to Move,Sep 2025,P51700002890,Yes,Stilt Parking,Yes,manned security,Close to Taloja Metro & Navi Mumbai Industrial Area,Navi Mumbai,Airoli
Gami Group Project ,Ghansoli,385 to 750 sq.ft ,28 L to 90 L,28 L,Affordable 1 BHK options,₹4–6 Lakh,Gami Group,Local developer,1 BHK,650–1000 sq.ft.,North–West,9.0 – 9.5 ft,Open Kitchen with Dining Extension,Near Ghansoli station,"Ghansoli, Navi Mumbai",1 BHK – 400–600 sq.ft.,"Available from HDFC, ICICI",MahaRERA,Ongoing/Completed,Apr 2026,P51700003213,No,Basement + Stilt Parking,Yes,cctv security,Near Kharghar Railway Station & Sion-Panvel Highway,Navi Mumbai,Ghansoli
Aurum Q Residences ,Ghansoli,380 to 860 sq.ft.,34 L to 1.2 Cr,34 L,Mid-segment residences,₹9–12 Lakh,Aurum Ventures,Regional developer,1/2 BHK,900–1350 sq.ft.,South–East,10.0 – 10.5 ft,Premium Modular Kitchen with Island,Amenities included,Ghansoli,2 & 3 BHK – 900–1250 sq.ft.,"Available from HDFC, Axis Bank, ICICI, SBI",MahaRERA,Ongoing,Jul 2027,P51700003546,Yes,Multi-level Podium Parking,Yes,manned security,"Located on Thane-Belapur Road, near Ghansoli Railway Station",Navi Mumbai,Ghansoli
Satyam Imperial Heights ,Ghansoli,"420 to 1,020 sq.ft.",46 L to 1.5 Cr,46 L,RERA certified project,₹5–7 Lakh,Satyam Builders,Local developer,2/3 BHK,800–1150 sq.ft.,East–West,9.0 – 9.5 ft,Compact Kitchen with Storage Cabinets,Family-friendly amenities,Ghansoli,2 BHK – 700–950 sq.ft.,"Available from SBI, HDFC, ICICI",MahaRERA,Ongoing/Completed,May 2026,P51700003879,Yes,Podium + Open Parking,Yes,cctv security,Close to Nerul Railway Station & Palm Beach Road,Navi Mumbai,Ghansoli
Bhagwati Eleganza ,Ghansoli,360 to 900 sq.ft.,35 L to 1.2 Cr,35 L,Mid-segment,₹4–6 Lakh,Bhagwati Group,Regional developer,1/2 BHK,700–1050 sq.ft.,North–East,9.0 – 9.5 ft,L-Shaped Kitchen with Overhead Storage,Good connectivity,Ghansoli,1 & 2 BHK – 500–800 sq.ft.,"Available from HDFC, Axis Bank",MahaRERA,Ongoing,Feb 2026,P51700004112,No,Stilt + Podium Parking,Yes,access control,Near Kharghar Hills & CBD Belapur,Navi Mumbai,Ghansoli
Gee Cee Cloud 36 ,Ghansoli,"650 to 1,350 sq.ft.",72 L to 2.0 Cr,72 L,Branded developer small project,₹5–7 Lakh,GeeCee Ventures,Regional developer,2/3 BHK,850–1300 sq.ft.,West–South,9.5 – 10.0 ft,Modular Kitchen with Service Platform,"Clubhouse, amenities",Ghansoli,2 & 3 BHK – 900–1200 sq.ft.,"Available from ICICI, Kotak, HDFC",MahaRERA,Ongoing/Completed,Jun2026,P51700004445,Yes,Basement + Podium Parking,Yes,multi-tier security,Well connected to Sion-Panvel Highway & Juinagar Station,Navi Mumbai,Ghansoli
Royal Turbhe 1,Turbhe,359 to 782 sq.ft.,56 L to 12.7 Cr,56 L,Affordable options,₹8–15 Lakh,Turbhe Constructions,Regional developer,1/2/3 BHK,459–982 sq.ft.,North-South,9.5 – 10.0 ft,Open Kitchen with Dining Extension,Good connectivity,"Turbhe, Navi Mumbai",1 & 2 BHK – 359–782 sq.ft.,"Available from HDFC, ICICI, SBI",MahaRERA,Ongoing/Ready,Dec 2025,P51700007011,No,Open Parking,Yes,manned security,Near Turbhe Railway Station & Palm Beach Road,Navi Mumbai,Turbhe
Imperial Turbhe 2,Turbhe,509 to 1104 sq.ft.,53 L to 8.2 Cr,53 L,Value housing,₹6–8 Lakh,Metro Builders,Regional developer,1/2 BHK,609–1304 sq.ft.,West-North,9.0 – 10.0 ft,Modular Kitchen with Granite Platform,Good connectivity,"Turbhe, Navi Mumbai",1 & 2 BHK – 509–1104 sq.ft.,"Available from HDFC, ICICI, SBI",MahaRERA,Ready to Move,Jan 2026,P51700007012,Yes,Stilt Parking,Yes,access control,Near Turbhe Railway Station & Palm Beach Road,Navi Mumbai,Turbhe
Grand Turbhe 3,Turbhe,477 to 902 sq.ft.,46 L to 9.2 Cr,46 L,Luxury amenities,₹4–15 Lakh,Turbhe Constructions,Regional developer,1/2 BHK,577–1102 sq.ft.,West-North,9.0 – 9.5 ft,Designer Modular Kitchen with Utility,Good connectivity,"Turbhe, Navi Mumbai",1 & 2 BHK – 477–902 sq.ft.,"Available from HDFC, ICICI, SBI",MahaRERA,Ongoing,Sep 2026,P51700007013,Yes,Open Parking,Yes,cctv security,Near Turbhe Railway Station & Palm Beach Road,Navi Mumbai,Turbhe
Elite Turbhe 4,Turbhe,356 to 698 sq.ft.,56 L to 13.0 Cr,56 L,Affordable options,₹5–11 Lakh,Metro Builders,Regional developer,1/2 BHK,456–898 sq.ft.,North-East,9.5 – 9.5 ft,Compact Modular Kitchen,Good connectivity,"Turbhe, Navi Mumbai",1 & 2 BHK – 356–698 sq.ft.,"Available from HDFC, ICICI, SBI",MahaRERA,Ongoing,Mar 2027,P51700007014,Yes,Stilt Parking,Yes,24x7 security,Near Turbhe Railway Station & Palm Beach Road,Navi Mumbai,Turbhe
Prime Turbhe 5,Turbhe,423 to 864 sq.ft.,51 L to 11.8 Cr,51 L,Premium developer,₹7–15 Lakh,Turbhe Constructions,Regional developer,2/3/4 BHK,523–1064 sq.ft.,North-East,9.0 – 10.5 ft,Designer Modular Kitchen with Utility,Good connectivity,"Turbhe, Navi Mumbai",1 & 2 BHK – 423–864 sq.ft.,"Available from HDFC, ICICI, SBI",MahaRERA,Ongoing,Jun 2026,P51700007015,Yes,Basement Parking,Yes,cctv security,Near Turbhe Railway Station & Palm Beach Road,Navi Mumbai,Turbhe
Luxe Turbhe 6,Turbhe,528 to 863 sq.ft.,65 L to 10.5 Cr,65 L,Affordable options,₹3–15 Lakh,Metro Builders,Regional developer,1/2 BHK,628–1063 sq.ft.,East-West,9.5 – 9.5 ft,Designer Modular Kitchen with Utility,Good connectivity,"Turbhe, Navi Mumbai",1 & 2 BHK – 528–863 sq.ft.,"Available from HDFC, ICICI, SBI",MahaRERA,Ready to Move,Jun 2027,P51700007016,Yes,Multi-level Parking,Yes,access control,Near Turbhe Railway Station & Palm Beach Road,Navi Mumbai,Turbhe
Vista Turbhe 7,Turbhe,461 to 698 sq.ft.,38 L to 8.0 Cr,38 L,Value housing,₹9–13 Lakh,Turbhe Constructions,Regional developer,1/2 BHK,561–898 sq.ft.,North-East,10.0 – 10.0 ft,Open Kitchen with Dining Extension,Good connectivity,"Turbhe, Navi Mumbai",1 & 2 BHK – 461–698 sq.ft.,"Available from HDFC, ICICI, SBI",MahaRERA,Ready to Move,Sep 2027,P51700007017,No,Basement Parking,Yes,access control,Near Turbhe Railway Station & Palm Beach Road,Navi Mumbai,Turbhe
Heights Turbhe 8,Turbhe,453 to 716 sq.ft.,40 L to 9.2 Cr,40 L,Luxury amenities,₹3–11 Lakh,Metro Builders,Regional developer,2/3 BHK,553–916 sq.ft.,North-South,9.0 – 10.0 ft,Modular Kitchen with Granite Platform,Good connectivity,"Turbhe, Navi Mumbai",1 & 2 BHK – 453–716 sq.ft.,"Available from HDFC, ICICI, SBI",MahaRERA,Ready to Move,Jan 2025,P51700007018,Yes,Stilt Parking,Yes,multi-tier security,Near Turbhe Railway Station & Palm Beach Road,Navi Mumbai,Turbhe
Gardens Turbhe 9,Turbhe,539 to 1040 sq.ft.,59 L to 12.2 Cr,59 L,Affordable options,₹7–10 Lakh,Turbhe Constructions,Regional developer,1/2 BHK,639–1240 sq.ft.,East-West,9.0 – 10.5 ft,Designer Modular Kitchen with Utility,Good connectivity,"Turbhe, Navi Mumbai",1 & 2 BHK – 539–1040 sq.ft.,"Available from HDFC, ICICI, SBI",MahaRERA,Ready to Move,Jun 2027,P51700007019,No,Multi-level Parking,Yes,cctv security,Near Turbhe Railway Station & Palm Beach Road,Navi Mumbai,Turbhe
Residency Turbhe 10,Turbhe,532 to 1092 sq.ft.,67 L to 12.1 Cr,67 L,Luxury amenities,₹4–10 Lakh,Metro Builders,Regional developer,1/2/3 BHK,632–1292 sq.ft.,West-North,9.5 – 10.0 ft,L-Shaped Modular Kitchen,Good connectivity,"Turbhe, Navi Mumbai",1 & 2 BHK – 532–1092 sq.ft.,"Available from HDFC, ICICI, SBI",MahaRERA,Ongoing/Ready,Sep 2025,P51700007020,No,Open Parking,Yes,manned security,Near Turbhe Railway Station & Palm Beach Road,Navi Mumbai,Turbhe
Royal Nerul 1,Nerul,420 to 804 sq.ft.,52 L to 12.6 Cr,52 L,Luxury amenities,₹7–12 Lakh,Nerul Heights,Regional developer,2/3/4 BHK,520–1004 sq.ft.,East-West,10.0 – 10.5 ft,Modular Kitchen with Granite Platform,Good connectivity,"Nerul, Navi Mumbai",1 & 2 BHK – 420–804 sq.ft.,"Available from HDFC, ICICI, SBI",MahaRERA,Ready to Move,Jan 2027,P51700007031,Yes,Stilt Parking,Yes,manned security,Near Nerul Railway Station & Palm Beach Road,Navi Mumbai,Nerul
Imperial Nerul 2,Nerul,517 to 827 sq.ft.,52 L to 12.1 Cr,52 L,Mid-segment,₹7–12 Lakh,Coastal Builders,Regional developer,1/2/3 BHK,617–1027 sq.ft.,South-East,9.5 – 10.5 ft,Modular Kitchen with Granite Platform,Good connectivity,"Nerul, Navi Mumbai",1 & 2 BHK – 517–827 sq.ft.,"Available from HDFC, ICICI, SBI",MahaRERA,Ongoing/Ready,Jan 2027,P51700007032,Yes,Stilt Parking,Yes,24x7 security,Near Nerul Railway Station & Palm Beach Road,Navi Mumbai,Nerul
Grand Nerul 3,Nerul,401 to 689 sq.ft.,55 L to 12.3 Cr,55 L,Value housing,₹10–13 Lakh,Nerul Heights,Regional developer,2/3 BHK,501–889 sq.ft.,North-South,10.0 – 10.0 ft,Modular Kitchen with Granite Platform,Good connectivity,"Nerul, Navi Mumbai",1 & 2 BHK – 401–689 sq.ft.,"Available from HDFC, ICICI, SBI",MahaRERA,Ongoing/Ready,Jun 2027,P51700007033,No,Basement Parking,Yes,multi-tier security,Near Nerul Railway Station & Palm Beach Road,Navi Mumbai,Nerul
Elite Nerul 4,Nerul,392 to 755 sq.ft.,32 L to 9.9 Cr,32 L,Value housing,₹10–9 Lakh,Coastal Builders,Regional developer,2/3/4 BHK,492–955 sq.ft.,South-East,9.0 – 9.5 ft,Designer Modular Kitchen with Utility,Good connectivity,"Nerul, Navi Mumbai",1 & 2 BHK – 392–755 sq.ft.,"Available from HDFC, ICICI, SBI",MahaRERA,Completed,Mar 2025,P51700007034,No,Multi-level Parking,Yes,cctv security,Near Nerul Railway Station & Palm Beach Road,Navi Mumbai,Nerul
Prime Nerul 5,Nerul,472 to 832 sq.ft.,31 L to 8.3 Cr,31 L,Premium developer,₹5–9 Lakh,Nerul Heights,Regional developer,1/2 BHK,572–1032 sq.ft.,North-East,9.0 – 10.0 ft,Compact Modular Kitchen,Good connectivity,"Nerul, Navi Mumbai",1 & 2 BHK – 472–832 sq.ft.,"Available from HDFC, ICICI, SBI",MahaRERA,Ongoing/Ready,Jun 2026,P51700007035,Yes,Stilt Parking,Yes,cctv security,Near Nerul Railway Station & Palm Beach Road,Navi Mumbai,Nerul
Luxe Nerul 6,Nerul,530 to 756 sq.ft.,52 L to 9.4 Cr,52 L,Premium developer,₹4–8 Lakh,Coastal Builders,Regional developer,1/2 BHK,630–956 sq.ft.,West-North,9.5 – 10.0 ft,Compact Modular Kitchen,Good connectivity,"Nerul, Navi Mumbai",1 & 2 BHK – 530–756 sq.ft.,"Available from HDFC, ICICI, SBI",MahaRERA,Ongoing/Ready,Mar 2027,P51700007036,No,Multi-level Parking,Yes,access control,Near Nerul Railway Station & Palm Beach Road,Navi Mumbai,Nerul
Vista Nerul 7,Nerul,600 to 951 sq.ft.,41 L to 8.8 Cr,41 L,Premium developer,₹10–9 Lakh,Nerul Heights,Regional developer,1/2/3 BHK,700–1151 sq.ft.,North-East,9.0 – 10.5 ft,Open Kitchen with Dining Extension,Good connectivity,"Nerul, Navi Mumbai",1 & 2 BHK – 600–951 sq.ft.,"Available from HDFC, ICICI, SBI",MahaRERA,Completed,Jun 2025,P51700007037,Yes,Podium Parking,Yes,access control,Near Nerul Railway Station & Palm Beach Road,Navi Mumbai,Nerul
Heights Nerul 8,Nerul,428 to 994 sq.ft.,65 L to 14.0 Cr,65 L,Mid-segment,₹7–15 Lakh,Coastal Builders,Regional developer,1/2 BHK,528–1194 sq.ft.,West-North,10.0 – 10.0 ft,Compact Modular Kitchen,Good connectivity,"Nerul, Navi Mumbai",1 & 2 BHK – 428–994 sq.ft.,"Available from HDFC, ICICI, SBI",MahaRERA,Ongoing/Ready,Dec 2025,P51700007038,No,Multi-level Parking,Yes,manned security,Near Nerul Railway Station & Palm Beach Road,Navi Mumbai,Nerul
Gardens Nerul 9,Nerul,523 to 864 sq.ft.,57 L to 12.2 Cr,57 L,Luxury amenities,₹7–11 Lakh,Nerul Heights,Regional developer,1/2/3 BHK,623–1064 sq.ft.,West-North,9.5 – 9.5 ft,Designer Modular Kitchen with Utility,Good connectivity,"Nerul, Navi Mumbai",1 & 2 BHK – 523–864 sq.ft.,"Available from HDFC, ICICI, SBI",MahaRERA,Completed,Dec 2027,P51700007039,No,Open Parking,Yes,24x7 security,Near Nerul Railway Station & Palm Beach Road,Navi Mumbai,Nerul
Residency Nerul 10,Nerul,597 to 1114 sq.ft.,53 L to 11.8 Cr,53 L,Mid-segment,₹8–8 Lakh,Coastal Builders,Regional developer,1/2/3 BHK,697–1314 sq.ft.,South-East,9.0 – 10.0 ft,Open Kitchen with Dining Extension,Good connectivity,"Nerul, Navi Mumbai",1 & 2 BHK – 597–1114 sq.ft.,"Available from HDFC, ICICI, SBI",MahaRERA,Ready to Move,Jun 2027,P51700007040,Yes,Podium Parking,Yes,multi-tier security,Near Nerul Railway Station & Palm Beach Road,Navi Mumbai,Nerul
Royal Seawoods 1,Seawoods,476 to 993 sq.ft.,40 L to 9.6 Cr,40 L,Mid-segment,₹10–14 Lakh,Seawoods Realty,Regional developer,2/3/4 BHK,576–1193 sq.ft.,North-East,9.0 – 10.0 ft,L-Shaped Modular Kitchen,Good connectivity,"Seawoods, Navi Mumbai",1 & 2 BHK – 476–993 sq.ft.,"Available from HDFC, ICICI, SBI",MahaRERA,Ready to Move,Jan 2026,P51700007041,Yes,Open Parking,Yes,access control,Near Seawoods Railway Station & Palm Beach Road,Navi Mumbai,Seawoods
Imperial Seawoods 2,Seawoods,445 to 1042 sq.ft.,55 L to 11.2 Cr,55 L,Value housing,₹8–8 Lakh,Ocean View Developers,Regional developer,2/3/4 BHK,545–1242 sq.ft.,West-North,9.0 – 10.5 ft,L-Shaped Modular Kitchen,Good connectivity,"Seawoods, Navi Mumbai",1 & 2 BHK – 445–1042 sq.ft.,"Available from HDFC, ICICI, SBI",MahaRERA,Ready to Move,Sep 2026,P51700007042,Yes,Multi-level Parking,Yes,24x7 security,Near Seawoods Railway Station & Palm Beach Road,Navi Mumbai,Seawoods
Grand Seawoods 3,Seawoods,581 to 1108 sq.ft.,64 L to 12.2 Cr,64 L,Affordable options,₹9–13 Lakh,Seawoods Realty,Regional developer,2/3/4 BHK,681–1308 sq.ft.,West-North,9.5 – 10.5 ft,L-Shaped Modular Kitchen,Good connectivity,"Seawoods, Navi Mumbai",1 & 2 BHK – 581–1108 sq.ft.,"Available from HDFC, ICICI, SBI",MahaRERA,Ongoing/Ready,Jun 2026,P51700007043,Yes,Stilt Parking,Yes,multi-tier security,Near Seawoods Railway Station & Palm Beach Road,Navi Mumbai,Seawoods
Elite Seawoods 4,Seawoods,566 to 936 sq.ft.,60 L to 8.6 Cr,60 L,Value housing,₹9–10 Lakh,Ocean View Developers,Regional developer,2/3 BHK,666–1136 sq.ft.,North-East,10.0 – 10.0 ft,Open Kitchen with Dining Extension,Good connectivity,"Seawoods, Navi Mumbai",1 & 2 BHK – 566–936 sq.ft.,"Available from HDFC, ICICI, SBI",MahaRERA,Completed,Jun 2027,P51700007044,No,Stilt Parking,Yes,manned security,Near Seawoods Railway Station & Palm Beach Road,Navi Mumbai,Seawoods
Prime Seawoods 5,Seawoods,375 to 817 sq.ft.,56 L to 10.9 Cr,56 L,Value housing,₹7–14 Lakh,Seawoods Realty,Regional developer,2/3/4 BHK,475–1017 sq.ft.,South-East,9.5 – 10.0 ft,Compact Modular Kitchen,Good connectivity,"Seawoods, Navi Mumbai",1 & 2 BHK – 375–817 sq.ft.,"Available from HDFC, ICICI, SBI",MahaRERA,Ongoing/Ready,Mar 2027,P51700007045,Yes,Stilt Parking,Yes,cctv security,Near Seawoods Railway Station & Palm Beach Road,Navi Mumbai,Seawoods
Luxe Seawoods 6,Seawoods,445 to 935 sq.ft.,43 L to 6.7 Cr,43 L,Luxury amenities,₹7–12 Lakh,Ocean View Developers,Regional developer,1/2 BHK,545–1135 sq.ft.,South-East,10.0 – 10.5 ft,L-Shaped Modular Kitchen,Good connectivity,"Seawoods, Navi Mumbai",1 & 2 BHK – 445–935 sq.ft.,"Available from HDFC, ICICI, SBI",MahaRERA,Completed,Sep 2026,P51700007046,No,Multi-level Parking,Yes,multi-tier security,Near Seawoods Railway Station & Palm Beach Road,Navi Mumbai,Seawoods
Vista Seawoods 7,Seawoods,523 to 955 sq.ft.,67 L to 14.5 Cr,67 L,Affordable options,₹7–8 Lakh,Seawoods Realty,Regional developer,2/3/4 BHK,623–1155 sq.ft.,North-South,9.5 – 9.5 ft,Designer Modular Kitchen with Utility,Good connectivity,"Seawoods, Navi Mumbai",1 & 2 BHK – 523–955 sq.ft.,"Available from HDFC, ICICI, SBI",MahaRERA,Ongoing/Ready,Jun 2027,P51700007047,Yes,Stilt Parking,Yes,access control,Near Seawoods Railway Station & Palm Beach Road,Navi Mumbai,Seawoods
Heights Seawoods 8,Seawoods,504 to 1086 sq.ft.,54 L to 11.4 Cr,54 L,Affordable options,₹5–11 Lakh,Ocean View Developers,Regional developer,1/2/3 BHK,604–1286 sq.ft.,North-East,10.0 – 10.5 ft,L-Shaped Modular Kitchen,Good connectivity,"Seawoods, Navi Mumbai",1 & 2 BHK – 504–1086 sq.ft.,"Available from HDFC, ICICI, SBI",MahaRERA,Ongoing/Ready,Jan 2027,P51700007048,No,Basement Parking,Yes,cctv security,Near Seawoods Railway Station & Palm Beach Road,Navi Mumbai,Seawoods
Gardens Seawoods 9,Seawoods,543 to 1045 sq.ft.,56 L to 9.3 Cr,56 L,Affordable options,₹10–10 Lakh,Seawoods Realty,Regional developer,2/3 BHK,643–1245 sq.ft.,West-North,9.0 – 10.0 ft,Modular Kitchen with Granite Platform,Good connectivity,"Seawoods, Navi Mumbai",1 & 2 BHK – 543–1045 sq.ft.,"Available from HDFC, ICICI, SBI",MahaRERA,Ongoing,Mar 2025,P51700007049,Yes,Podium Parking,Yes,manned security,Near Seawoods Railway Station & Palm Beach Road,Navi Mumbai,Seawoods
Residency Seawoods 10,Seawoods,393 to 858 sq.ft.,60 L to 13.5 Cr,60 L,Mid-segment,₹4–11 Lakh,Ocean View Developers,Regional developer,1/2 BHK,493–1058 sq.ft.,North-South,9.5 – 10.5 ft,Designer Modular Kitchen with Utility,Good connectivity,"Seawoods, Navi Mumbai",1 & 2 BHK – 393–858 sq.ft.,"Available from HDFC, ICICI, SBI",MahaRERA,Ongoing/Ready,Dec 2025,P51700007050,No,Podium Parking,Yes,access control,Near Seawoods Railway Station & Palm Beach Road,Navi Mumbai,Seawoods
Royal Belapur 1,Belapur,591 to 1046 sq.ft.,42 L to 7.6 Cr,42 L,Affordable options,₹5–8 Lakh,Belapur Constructions,Regional developer,1/2/3 BHK,691–1246 sq.ft.,North-South,10.0 – 9.5 ft,L-Shaped Modular Kitchen,Good connectivity,"Belapur, Navi Mumbai",1 & 2 BHK – 591–1046 sq.ft.,"Available from HDFC, ICICI, SBI",MahaRERA,Ready to Move,Dec 2025,P51700007051,Yes,Podium Parking,Yes,manned security,Near Belapur Railway Station & Palm Beach Road,Navi Mumbai,Belapur
Imperial Belapur 2,Belapur,597 to 1075 sq.ft.,61 L to 9.4 Cr,61 L,Mid-segment,₹9–14 Lakh,CBD Developers,Regional developer,1/2 BHK,697–1275 sq.ft.,North-East,10.0 – 9.5 ft,Compact Modular Kitchen,Good connectivity,"Belapur, Navi Mumbai",1 & 2 BHK – 597–1075 sq.ft.,"Available from HDFC, ICICI, SBI",MahaRERA,Completed,Sep 2026,P51700007052,Yes,Podium Parking,Yes,24x7 security,Near Belapur Railway Station & Palm Beach Road,Navi Mumbai,Belapur
Grand Belapur 3,Belapur,472 to 844 sq.ft.,30 L to 8.3 Cr,30 L,Affordable options,₹7–9 Lakh,Belapur Constructions,Regional developer,1/2/3 BHK,572–1044 sq.ft.,North-East,9.0 – 10.0 ft,Compact Modular Kitchen,Good connectivity,"Belapur, Navi Mumbai",1 & 2 BHK – 472–844 sq.ft.,"Available from HDFC, ICICI, SBI",MahaRERA,Completed,Dec 2026,P51700007053,No,Podium Parking,Yes,manned security,Near Belapur Railway Station & Palm Beach Road,Navi Mumbai,Belapur
Elite Belapur 4,Belapur,390 to 698 sq.ft.,62 L to 9.0 Cr,62 L,Affordable options,₹5–14 Lakh,CBD Developers,Regional developer,1/2 BHK,490–898 sq.ft.,North-South,10.0 – 10.5 ft,Designer Modular Kitchen with Utility,Good connectivity,"Belapur, Navi Mumbai",1 & 2 BHK – 390–698 sq.ft.,"Available from HDFC, ICICI, SBI",MahaRERA,Ready to Move,Dec 2026,P51700007054,No,Multi-level Parking,Yes,access control,Near Belapur Railway Station & Palm Beach Road,Navi Mumbai,Belapur
Prime Belapur 5,Belapur,460 to 975 sq.ft.,53 L to 11.3 Cr,53 L,Mid-segment,₹6–13 Lakh,Belapur Constructions,Regional developer,1/2 BHK,560–1175 sq.ft.,West-North,9.5 – 10.5 ft,Modular Kitchen with Granite Platform,Good connectivity,"Belapur, Navi Mumbai",1 & 2 BHK – 460–975 sq.ft.,"Available from HDFC, ICICI, SBI",MahaRERA,Ongoing,Jan 2026,P51700007055,No,Stilt Parking,Yes,access control,Near Belapur Railway Station & Palm Beach Road,Navi Mumbai,Belapur
Luxe Belapur 6,Belapur,364 to 706 sq.ft.,33 L to 9.1 Cr,33 L,Luxury amenities,₹7–15 Lakh,CBD Developers,Regional developer,2/3 BHK,464–906 sq.ft.,West-North,10.0 – 10.5 ft,Compact Modular Kitchen,Good connectivity,"Belapur, Navi Mumbai",1 & 2 BHK – 364–706 sq.ft.,"Available from HDFC, ICICI, SBI",MahaRERA,Ready to Move,Sep 2026,P51700007056,Yes,Basement Parking,Yes,cctv security,Near Belapur Railway Station & Palm Beach Road,Navi Mumbai,Belapur
Vista Belapur 7,Belapur,550 to 772 sq.ft.,70 L to 9.9 Cr,70 L,Luxury amenities,₹9–13 Lakh,Belapur Constructions,Regional developer,1/2 BHK,650–972 sq.ft.,North-South,9.0 – 9.5 ft,Modular Kitchen with Granite Platform,Good connectivity,"Belapur, Navi Mumbai",1 & 2 BHK – 550–772 sq.ft.,"Available from HDFC, ICICI, SBI",MahaRERA,Ready to Move,Sep 2027,P51700007057,Yes,Stilt Parking,Yes,cctv security,Near Belapur Railway Station & Palm Beach Road,Navi Mumbai,Belapur
Heights Belapur 8,Belapur,518 to 776 sq.ft.,57 L to 8.2 Cr,57 L,Mid-segment,₹7–8 Lakh,CBD Developers,Regional developer,1/2/3 BHK,618–976 sq.ft.,West-North,10.0 – 10.5 ft,Modular Kitchen with Granite Platform,Good connectivity,"Belapur, Navi Mumbai",1 & 2 BHK – 518–776 sq.ft.,"Available from HDFC, ICICI, SBI",MahaRERA,Ongoing/Ready,Dec 2026,P51700007058,No,Open Parking,Yes,access control,Near Belapur Railway Station & Palm Beach Road,Navi Mumbai,Belapur
Gardens Belapur 9,Belapur,428 to 880 sq.ft.,59 L to 10.2 Cr,59 L,Luxury amenities,₹6–11 Lakh,Belapur Constructions,Regional developer,2/3 BHK,528–1080 sq.ft.,South-East,10.0 – 10.5 ft,L-Shaped Modular Kitchen,Good connectivity,"Belapur, Navi Mumbai",1 & 2 BHK – 428–880 sq.ft.,"Available from HDFC, ICICI, SBI",MahaRERA,Completed,Mar 2025,P51700007059,Yes,Podium Parking,Yes,access control,Near Belapur Railway Station & Palm Beach Road,Navi Mumbai,Belapur
Residency Belapur 10,Belapur,472 to 705 sq.ft.,59 L to 13.9 Cr,59 L,Value housing,₹9–12 Lakh,CBD Developers,Regional developer,2/3 BHK,572–905 sq.ft.,West-North,9.0 – 10.0 ft,L-Shaped Modular Kitchen,Good connectivity,"Belapur, Navi Mumbai",1 & 2 BHK – 472–705 sq.ft.,"Available from HDFC, ICICI, SBI",MahaRERA,Ready to Move,Sep 2027,P51700007060,No,Basement Parking,Yes,cctv security,Near Belapur Railway Station & Palm Beach Road,Navi Mumbai,Belapur
Royal Mansarovar 1,Mansarovar,384 to 782 sq.ft.,53 L to 12.0 Cr,53 L,Mid-segment,₹7–10 Lakh,Mansarovar Homes,Regional developer,1/2/3 BHK,484–982 sq.ft.,West-North,10.0 – 10.5 ft,Open Kitchen with Dining Extension,Good connectivity,"Mansarovar, Navi Mumbai",1 & 2 BHK – 384–782 sq.ft.,"Available from HDFC, ICICI, SBI",MahaRERA,Ready to Move,Mar 2025,P51700007071,Yes,Open Parking,Yes,access control,Near Mansarovar Railway Station & Palm Beach Road,Navi Mumbai,Mansarovar
Imperial Mansarovar 2,Mansarovar,461 to 663 sq.ft.,52 L to 8.1 Cr,52 L,Premium developer,₹4–14 Lakh,Lake View Developers,Regional developer,1/2 BHK,561–863 sq.ft.,South-East,9.0 – 10.5 ft,Open Kitchen with Dining Extension,Good connectivity,"Mansarovar, Navi Mumbai",1 & 2 BHK – 461–663 sq.ft.,"Available from HDFC, ICICI, SBI",MahaRERA,Completed,Mar 2027,P51700007072,Yes,Stilt Parking,Yes,24x7 security,Near Mansarovar Railway Station & Palm Beach Road,Navi Mumbai,Mansarovar
Grand Mansarovar 3,Mansarovar,507 to 1061 sq.ft.,50 L to 10.2 Cr,50 L,Premium developer,₹5–13 Lakh,Mansarovar Homes,Regional developer,1/2 BHK,607–1261 sq.ft.,North-East,9.0 – 10.5 ft,Open Kitchen with Dining Extension,Good connectivity,"Mansarovar, Navi Mumbai",1 & 2 BHK – 507–1061 sq.ft.,"Available from HDFC, ICICI, SBI",MahaRERA,Ready to Move,Sep 2026,P51700007073,Yes,Open Parking,Yes,access control,Near Mansarovar Railway Station & Palm Beach Road,Navi Mumbai,Mansarovar
Elite Mansarovar 4,Mansarovar,455 to 953 sq.ft.,57 L to 13.4 Cr,57 L,Mid-segment,₹7–13 Lakh,Lake View Developers,Regional developer,1/2 BHK,555–1153 sq.ft.,East-West,10.0 – 10.0 ft,Designer Modular Kitchen with Utility,Good connectivity,"Mansarovar, Navi Mumbai",1 & 2 BHK – 455–953 sq.ft.,"Available from HDFC, ICICI, SBI",MahaRERA,Ongoing/Ready,Jan 2027,P51700007074,No,Stilt Parking,Yes,cctv security,Near Mansarovar Railway Station & Palm Beach Road,Navi Mumbai,Mansarovar
Prime Mansarovar 5,Mansarovar,595 to 1180 sq.ft.,34 L to 10.6 Cr,34 L,Mid-segment,₹9–9 Lakh,Mansarovar Homes,Regional developer,1/2 BHK,695–1380 sq.ft.,North-South,10.0 – 10.5 ft,Modular Kitchen with Granite Platform,Good connectivity,"Mansarovar, Navi Mumbai",1 & 2 BHK – 595–1180 sq.ft.,"Available from HDFC, ICICI, SBI",MahaRERA,Ongoing/Ready,Dec 2027,P51700007075,Yes,Stilt Parking,Yes,access control,Near Mansarovar Railway Station & Palm Beach Road,Navi Mumbai,Mansarovar
Luxe Mansarovar 6,Mansarovar,490 to 721 sq.ft.,46 L to 10.9 Cr,46 L,Premium developer,₹5–13 Lakh,Lake View Developers,Regional developer,1/2/3 BHK,590–921 sq.ft.,East-West,9.0 – 10.5 ft,Open Kitchen with Dining Extension,Good connectivity,"Mansarovar, Navi Mumbai",1 & 2 BHK – 490–721 sq.ft.,"Available from HDFC, ICICI, SBI",MahaRERA,Ongoing/Ready,Jun 2027,P51700007076,No,Podium Parking,Yes,cctv security,Near Mansarovar Railway Station & Palm Beach Road,Navi Mumbai,Mansarovar
Vista Mansarovar 7,Mansarovar,416 to 628 sq.ft.,56 L to 10.0 Cr,56 L,Affordable options,₹7–13 Lakh,Mansarovar Homes,Regional developer,2/3/4 BHK,516–828 sq.ft.,South-East,9.0 – 9.5 ft,Compact Modular Kitchen,Good connectivity,"Mansarovar, Navi Mumbai",1 & 2 BHK – 416–628 sq.ft.,"Available from HDFC, ICICI, SBI",MahaRERA,Ongoing/Ready,Jun 2027,P51700007077,No,Multi-level Parking,Yes,cctv security,Near Mansarovar Railway Station & Palm Beach Road,Navi Mumbai,Mansarovar
Heights Mansarovar 8,Mansarovar,477 to 677 sq.ft.,67 L to 12.5 Cr,67 L,Affordable options,₹3–13 Lakh,Lake View Developers,Regional developer,2/3 BHK,577–877 sq.ft.,West-North,9.0 – 10.5 ft,Designer Modular Kitchen with Utility,Good connectivity,"Mansarovar, Navi Mumbai",1 & 2 BHK – 477–677 sq.ft.,"Available from HDFC, ICICI, SBI",MahaRERA,Ready to Move,Dec 2027,P51700007078,No,Multi-level Parking,Yes,24x7 security,Near Mansarovar Railway Station & Palm Beach Road,Navi Mumbai,Mansarovar
Gardens Mansarovar 9,Mansarovar,484 to 992 sq.ft.,31 L to 9.3 Cr,31 L,Affordable options,₹8–12 Lakh,Mansarovar Homes,Regional developer,1/2/3 BHK,584–1192 sq.ft.,West-North,9.5 – 9.5 ft,Open Kitchen with Dining Extension,Good connectivity,"Mansarovar, Navi Mumbai",1 & 2 BHK – 484–992 sq.ft.,"Available from HDFC, ICICI, SBI",MahaRERA,Ongoing/Ready,Jan 2026,P51700007079,Yes,Podium Parking,Yes,24x7 security,Near Mansarovar Railway Station & Palm Beach Road,Navi Mumbai,Mansarovar
Residency Mansarovar 10,Mansarovar,527 to 987 sq.ft.,50 L to 9.4 Cr,50 L,Premium developer,₹5–9 Lakh,Lake View Developers,Regional developer,1/2 BHK,627–1187 sq.ft.,South-East,9.0 – 9.5 ft,Designer Modular Kitchen with Utility,Good connectivity,"Mansarovar, Navi Mumbai",1 & 2 BHK – 527–987 sq.ft.,"Available from HDFC, ICICI, SBI",MahaRERA,Ongoing,Mar 2026,P51700007080,No,Basement Parking,Yes,manned security,Near Mansarovar Railway Station & Palm Beach Road,Navi Mumbai,Mansarovar
Royal Khandeshwar 1,Khandeshwar,554 to 921 sq.ft.,61 L to 11.5 Cr,61 L,Premium developer,₹9–13 Lakh,Khandeshwar Realty,Regional developer,1/2 BHK,654–1121 sq.ft.,North-East,9.5 – 9.5 ft,Open Kitchen with Dining Extension,Good connectivity,"Khandeshwar, Navi Mumbai",1 & 2 BHK – 554–921 sq.ft.,"Available from HDFC, ICICI, SBI",MahaRERA,Ongoing/Ready,Mar 2026,P51700007081,Yes,Multi-level Parking,Yes,access control,Near Khandeshwar Railway Station & Palm Beach Road,Navi Mumbai,Khandeshwar
Imperial Khandeshwar 2,Khandeshwar,592 to 877 sq.ft.,33 L to 6.0 Cr,33 L,Premium developer,₹4–8 Lakh,Green Valley Builders,Regional developer,1/2 BHK,692–1077 sq.ft.,North-South,10.0 – 9.5 ft,Open Kitchen with Dining Extension,Good connectivity,"Khandeshwar, Navi Mumbai",1 & 2 BHK – 592–877 sq.ft.,"Available from HDFC, ICICI, SBI",MahaRERA,Ongoing/Ready,Sep 2025,P51700007082,No,Basement Parking,Yes,manned security,Near Khandeshwar Railway Station & Palm Beach Road,Navi Mumbai,Khandeshwar
Grand Khandeshwar 3,Khandeshwar,583 to 1124 sq.ft.,60 L to 10.4 Cr,60 L,Premium developer,₹7–14 Lakh,Khandeshwar Realty,Regional developer,2/3 BHK,683–1324 sq.ft.,South-East,9.5 – 10.5 ft,Open Kitchen with Dining Extension,Good connectivity,"Khandeshwar, Navi Mumbai",1 & 2 BHK – 583–1124 sq.ft.,"Available from HDFC, ICICI, SBI",MahaRERA,Completed,Mar 2026,P51700007083,Yes,Podium Parking,Yes,cctv security,Near Khandeshwar Railway Station & Palm Beach Road,Navi Mumbai,Khandeshwar
Elite Khandeshwar 4,Khandeshwar,447 to 757 sq.ft.,68 L to 12.2 Cr,68 L,Value housing,₹5–8 Lakh,Green Valley Builders,Regional developer,2/3/4 BHK,547–957 sq.ft.,North-East,9.0 – 10.0 ft,Designer Modular Kitchen with Utility,Good connectivity,"Khandeshwar, Navi Mumbai",1 & 2 BHK – 447–757 sq.ft.,"Available from HDFC, ICICI, SBI",MahaRERA,Ongoing/Ready,Mar 2027,P51700007084,Yes,Basement Parking,Yes,24x7 security,Near Khandeshwar Railway Station & Palm Beach Road,Navi Mumbai,Khandeshwar
Prime Khandeshwar 5,Khandeshwar,464 to 828 sq.ft.,36 L to 10.1 Cr,36 L,Affordable options,₹6–15 Lakh,Khandeshwar Realty,Regional developer,2/3 BHK,564–1028 sq.ft.,North-East,9.5 – 10.5 ft,L-Shaped Modular Kitchen,Good connectivity,"Khandeshwar, Navi Mumbai",1 & 2 BHK – 464–828 sq.ft.,"Available from HDFC, ICICI, SBI",MahaRERA,Ready to Move,Jun 2026,P51700007085,Yes,Stilt Parking,Yes,24x7 security,Near Khandeshwar Railway Station & Palm Beach Road,Navi Mumbai,Khandeshwar
Luxe Khandeshwar 6,Khandeshwar,511 to 945 sq.ft.,39 L to 11.6 Cr,39 L,Value housing,₹10–9 Lakh,Green Valley Builders,Regional developer,2/3/4 BHK,611–1145 sq.ft.,North-South,10.0 – 9.5 ft,L-Shaped Modular Kitchen,Good connectivity,"Khandeshwar, Navi Mumbai",1 & 2 BHK – 511–945 sq.ft.,"Available from HDFC, ICICI, SBI",MahaRERA,Ready to Move,Sep 2026,P51700007086,Yes,Stilt Parking,Yes,access control,Near Khandeshwar Railway Station & Palm Beach Road,Navi Mumbai,Khandeshwar
Vista Khandeshwar 7,Khandeshwar,526 to 844 sq.ft.,39 L to 5.9 Cr,39 L,Premium developer,₹4–9 Lakh,Khandeshwar Realty,Regional developer,2/3 BHK,626–1044 sq.ft.,East-West,9.5 – 10.0 ft,Designer Modular Kitchen with Utility,Good connectivity,"Khandeshwar, Navi Mumbai",1 & 2 BHK – 526–844 sq.ft.,"Available from HDFC, ICICI, SBI",MahaRERA,Ongoing,Dec 2027,P51700007087,No,Basement Parking,Yes,cctv security,Near Khandeshwar Railway Station & Palm Beach Road,Navi Mumbai,Khandeshwar
Heights Khandeshwar 8,Khandeshwar,532 to 1099 sq.ft.,38 L to 11.5 Cr,38 L,Premium developer,₹4–9 Lakh,Green Valley Builders,Regional developer,2/3 BHK,632–1299 sq.ft.,South-East,9.5 – 10.0 ft,Designer Modular Kitchen with Utility,Good connectivity,"Khandeshwar, Navi Mumbai",1 & 2 BHK – 532–1099 sq.ft.,"Available from HDFC, ICICI, SBI",MahaRERA,Completed,Sep 2026,P51700007088,No,Basement Parking,Yes,multi-tier security,Near Khandeshwar Railway Station & Palm Beach Road,Navi Mumbai,Khandeshwar
Gardens Khandeshwar 9,Khandeshwar,486 to 837 sq.ft.,62 L to 11.6 Cr,62 L,Premium developer,₹8–12 Lakh,Khandeshwar Realty,Regional developer,1/2 BHK,586–1037 sq.ft.,North-East,9.5 – 9.5 ft,L-Shaped Modular Kitchen,Good connectivity,"Khandeshwar, Navi Mumbai",1 & 2 BHK – 486–837 sq.ft.,"Available from HDFC, ICICI, SBI",MahaRERA,Ready to Move,Mar 2025,P51700007089,No,Basement Parking,Yes,cctv security,Near Khandeshwar Railway Station & Palm Beach Road,Navi Mumbai,Khandeshwar
Residency Khandeshwar 10,Khandeshwar,416 to 981 sq.ft.,63 L to 12.7 Cr,63 L,Luxury amenities,₹4–11 Lakh,Green Valley Builders,Regional developer,1/2/3 BHK,516–1181 sq.ft.,North-South,9.0 – 9.5 ft,L-Shaped Modular Kitchen,Good connectivity,"Khandeshwar, Navi Mumbai",1 & 2 BHK – 416–981 sq.ft.,"Available from HDFC, ICICI, SBI",MahaRERA,Ongoing,Jan 2026,P51700007090,Yes,Multi-level Parking,Yes,manned security,Near Khandeshwar Railway Station & Palm Beach Road,Navi Mumbai,Khandeshwar
Royal Panvel 1,Panvel,577 to 977 sq.ft.,30 L to 7.6 Cr,30 L,Mid-segment,₹5–12 Lakh,Panvel Developers,Regional developer,1/2 BHK,677–1177 sq.ft.,North-East,9.5 – 10.5 ft,Modular Kitchen with Granite Platform,Good connectivity,"Panvel, Navi Mumbai",1 & 2 BHK – 577–977 sq.ft.,"Available from HDFC, ICICI, SBI",MahaRERA,Ready to Move,Jan 2025,P51700007091,No,Open Parking,Yes,cctv security,Near Panvel Railway Station & Palm Beach Road,Navi Mumbai,Panvel
Imperial Panvel 2,Panvel,429 to 820 sq.ft.,58 L to 10.8 Cr,58 L,Luxury amenities,₹3–13 Lakh,Gateway Realty,Regional developer,1/2/3 BHK,529–1020 sq.ft.,West-North,10.0 – 9.5 ft,Modular Kitchen with Granite Platform,Good connectivity,"Panvel, Navi Mumbai",1 & 2 BHK – 429–820 sq.ft.,"Available from HDFC, ICICI, SBI",MahaRERA,Ongoing/Ready,Jan 2025,P51700007092,No,Podium Parking,Yes,access control,Near Panvel Railway Station & Palm Beach Road,Navi Mumbai,Panvel
Grand Panvel 3,Panvel,475 to 947 sq.ft.,61 L to 9.1 Cr,61 L,Affordable options,₹3–12 Lakh,Panvel Developers,Regional developer,2/3 BHK,575–1147 sq.ft.,South-East,9.5 – 9.5 ft,Designer Modular Kitchen with Utility,Good connectivity,"Panvel, Navi Mumbai",1 & 2 BHK – 475–947 sq.ft.,"Available from HDFC, ICICI, SBI",MahaRERA,Ready to Move,Mar 2026,P51700007093,Yes,Stilt Parking,Yes,access control,Near Panvel Railway Station & Palm Beach Road,Navi Mumbai,Panvel
Elite Panvel 4,Panvel,477 to 958 sq.ft.,30 L to 5.9 Cr,30 L,Affordable options,₹6–13 Lakh,Gateway Realty,Regional developer,2/3/4 BHK,577–1158 sq.ft.,South-East,9.5 – 10.5 ft,L-Shaped Modular Kitchen,Good connectivity,"Panvel, Navi Mumbai",1 & 2 BHK – 477–958 sq.ft.,"Available from HDFC, ICICI, SBI",MahaRERA,Completed,Dec 2027,P51700007094,No,Stilt Parking,Yes,multi-tier security,Near Panvel Railway Station & Palm Beach Road,Navi Mumbai,Panvel
Prime Panvel 5,Panvel,461 to 949 sq.ft.,32 L to 9.9 Cr,32 L,Affordable options,₹3–15 Lakh,Panvel Developers,Regional developer,1/2 BHK,561–1149 sq.ft.,West-North,10.0 – 10.5 ft,L-Shaped Modular Kitchen,Good connectivity,"Panvel, Navi Mumbai",1 & 2 BHK – 461–949 sq.ft.,"Available from HDFC, ICICI, SBI",MahaRERA,Ongoing/Ready,Jun 2025,P51700007095,No,Stilt Parking,Yes,manned security,Near Panvel Railway Station & Palm Beach Road,Navi Mumbai,Panvel
Luxe Panvel 6,Panvel,474 to 792 sq.ft.,66 L to 12.5 Cr,66 L,Value housing,₹4–9 Lakh,Gateway Realty,Regional developer,1/2/3 BHK,574–992 sq.ft.,North-East,9.5 – 10.5 ft,Modular Kitchen with Granite Platform,Good connectivity,"Panvel, Navi Mumbai",1 & 2 BHK – 474–792 sq.ft.,"Available from HDFC, ICICI, SBI",MahaRERA,Ongoing,Dec 2027,P51700007096,No,Open Parking,Yes,manned security,Near Panvel Railway Station & Palm Beach Road,Navi Mumbai,Panvel
Vista Panvel 7,Panvel,435 to 1018 sq.ft.,63 L to 11.9 Cr,63 L,Affordable options,₹5–11 Lakh,Panvel Developers,Regional developer,1/2 BHK,535–1218 sq.ft.,North-East,9.5 – 10.5 ft,Compact Modular Kitchen,Good connectivity,"Panvel, Navi Mumbai",1 & 2 BHK – 435–1018 sq.ft.,"Available from HDFC, ICICI, SBI",MahaRERA,Ongoing,Jan 2025,P51700007097,Yes,Stilt Parking,Yes,manned security,Near Panvel Railway Station & Palm Beach Road,Navi Mumbai,Panvel
Heights Panvel 8,Panvel,573 to 1067 sq.ft.,67 L to 13.6 Cr,67 L,Luxury amenities,₹9–11 Lakh,Gateway Realty,Regional developer,1/2/3 BHK,673–1267 sq.ft.,South-East,9.0 – 9.5 ft,Modular Kitchen with Granite Platform,Good connectivity,"Panvel, Navi Mumbai",1 & 2 BHK – 573–1067 sq.ft.,"Available from HDFC, ICICI, SBI",MahaRERA,Completed,Jan 2026,P51700007098,Yes,Multi-level Parking,Yes,multi-tier security,Near Panvel Railway Station & Palm Beach Road,Navi Mumbai,Panvel
Gardens Panvel 9,Panvel,372 to 749 sq.ft.,33 L to 8.1 Cr,33 L,Affordable options,₹10–9 Lakh,Panvel Developers,Regional developer,1/2 BHK,472–949 sq.ft.,South-East,10.0 – 9.5 ft,Modular Kitchen with Granite Platform,Good connectivity,"Panvel, Navi Mumbai",1 & 2 BHK – 372–749 sq.ft.,"Available from HDFC, ICICI, SBI",MahaRERA,Ongoing/Ready,Jun 2025,P51700007099,Yes,Open Parking,Yes,24x7 security,Near Panvel Railway Station & Palm Beach Road,Navi Mumbai,Panvel
Residency Panvel 10,Panvel,351 to 885 sq.ft.,66 L to 14.1 Cr,66 L,Value housing,₹5–9 Lakh,Gateway Realty,Regional developer,2/3 BHK,451–1085 sq.ft.,North-South,9.0 – 10.5 ft,Modular Kitchen with Granite Platform,Good connectivity,"Panvel, Navi Mumbai",1 & 2 BHK – 351–885 sq.ft.,"Available from HDFC, ICICI, SBI",MahaRERA,Ongoing/Ready,Sep 2026,P51700007100,Yes,Multi-level Parking,Yes,24x7 security,Near Panvel Railway Station & Palm Beach Road,Navi Mumbai,Panvel
Royal Turbhe 1,Turbhe,570 to 836 sq.ft.,58 L to 10.7 Cr,58 L,Luxury amenities,₹5–9 Lakh,Turbhe Constructions,Regional developer,1/2/3 BHK,670–1036 sq.ft.,East-West,10.0 – 10.5 ft,Designer Modular Kitchen with Utility,Good connectivity,"Turbhe, Navi Mumbai",1 & 2 BHK – 570–836 sq.ft.,"Available from HDFC, ICICI, SBI",MahaRERA,Ongoing/Ready,Jun 2025,P51700007011,No,Multi-level Parking,Yes,cctv security,Near Turbhe Railway Station & Palm Beach Road,Navi Mumbai,Turbhe
Imperial Turbhe 2,Turbhe,537 to 1136 sq.ft.,30 L to 10.0 Cr,30 L,Premium developer,₹7–12 Lakh,Metro Builders,Regional developer,2/3/4 BHK,637–1336 sq.ft.,North-East,10.0 – 9.5 ft,Designer Modular Kitchen with Utility,Good connectivity,"Turbhe, Navi Mumbai",1 & 2 BHK – 537–1136 sq.ft.,"Available from HDFC, ICICI, SBI",MahaRERA,Ongoing,Dec 2025,P51700007012,Yes,Basement Parking,Yes,access control,Near Turbhe Railway Station & Palm Beach Road,Navi Mumbai,Turbhe
Grand Turbhe 3,Turbhe,431 to 810 sq.ft.,68 L to 8.9 Cr,68 L,Premium developer,₹3–15 Lakh,Turbhe Constructions,Regional developer,1/2 BHK,531–1010 sq.ft.,West-North,9.0 – 10.5 ft,Compact Modular Kitchen,Good connectivity,"Turbhe, Navi Mumbai",1 & 2 BHK – 431–810 sq.ft.,"Available from HDFC, ICICI, SBI",MahaRERA,Ongoing/Ready,Jan 2026,P51700007013,Yes,Open Parking,Yes,24x7 security,Near Turbhe Railway Station & Palm Beach Road,Navi Mumbai,Turbhe
Elite Turbhe 4,Turbhe,439 to 747 sq.ft.,68 L to 14.2 Cr,68 L,Luxury amenities,₹9–10 Lakh,Metro Builders,Regional developer,2/3/4 BHK,539–947 sq.ft.,West-North,9.5 – 9.5 ft,Compact Modular Kitchen,Good connectivity,"Turbhe, Navi Mumbai",1 & 2 BHK – 439–747 sq.ft.,"Available from HDFC, ICICI, SBI",MahaRERA,Ongoing/Ready,Mar 2027,P51700007014,No,Podium Parking,Yes,cctv security,Near Turbhe Railway Station & Palm Beach Road,Navi Mumbai,Turbhe
Prime Turbhe 5,Turbhe,385 to 626 sq.ft.,35 L to 8.9 Cr,35 L,Affordable options,₹3–11 Lakh,Turbhe Constructions,Regional developer,2/3 BHK,485–826 sq.ft.,East-West,9.0 – 9.5 ft,Compact Modular Kitchen,Good connectivity,"Turbhe, Navi Mumbai",1 & 2 BHK – 385–626 sq.ft.,"Available from HDFC, ICICI, SBI",MahaRERA,Ongoing/Ready,Sep 2027,P51700007015,Yes,Basement Parking,Yes,multi-tier security,Near Turbhe Railway Station & Palm Beach Road,Navi Mumbai,Turbhe
Luxe Turbhe 6,Turbhe,524 to 820 sq.ft.,36 L to 7.1 Cr,36 L,Premium developer,₹3–11 Lakh,Metro Builders,Regional developer,2/3 BHK,624–1020 sq.ft.,West-North,10.0 – 10.0 ft,Designer Modular Kitchen with Utility,Good connectivity,"Turbhe, Navi Mumbai",1 & 2 BHK – 524–820 sq.ft.,"Available from HDFC, ICICI, SBI",MahaRERA,Completed,Sep 2025,P51700007016,Yes,Basement Parking,Yes,cctv security,Near Turbhe Railway Station & Palm Beach Road,Navi Mumbai,Turbhe
Vista Turbhe 7,Turbhe,584 to 833 sq.ft.,43 L to 11.5 Cr,43 L,Luxury amenities,₹7–13 Lakh,Turbhe Constructions,Regional developer,1/2 BHK,684–1033 sq.ft.,South-East,9.0 – 10.0 ft,Modular Kitchen with Granite Platform,Good connectivity,"Turbhe, Navi Mumbai",1 & 2 BHK – 584–833 sq.ft.,"Available from HDFC, ICICI, SBI",MahaRERA,Ongoing/Ready,Dec 2027,P51700007017,Yes,Open Parking,Yes,multi-tier security,Near Turbhe Railway Station & Palm Beach Road,Navi Mumbai,Turbhe
Heights Turbhe 8,Turbhe,568 to 1129 sq.ft.,41 L to 8.6 Cr,41 L,Affordable options,₹3–13 Lakh,Metro Builders,Regional developer,2/3 BHK,668–1329 sq.ft.,West-North,10.0 – 10.5 ft,Designer Modular Kitchen with Utility,Good connectivity,"Turbhe, Navi Mumbai",1 & 2 BHK – 568–1129 sq.ft.,"Available from HDFC, ICICI, SBI",MahaRERA,Ongoing/Ready,Dec 2025,P51700007018,No,Basement Parking,Yes,cctv security,Near Turbhe Railway Station & Palm Beach Road,Navi Mumbai,Turbhe
Gardens Turbhe 9,Turbhe,530 to 1024 sq.ft.,61 L to 10.5 Cr,61 L,Affordable options,₹7–11 Lakh,Turbhe Constructions,Regional developer,1/2 BHK,630–1224 sq.ft.,West-North,9.5 – 9.5 ft,Modular Kitchen with Granite Platform,Good connectivity,"Turbhe, Navi Mumbai",1 & 2 BHK – 530–1024 sq.ft.,"Available from HDFC, ICICI, SBI",MahaRERA,Completed,Jan 2026,P51700007019,No,Multi-level Parking,Yes,multi-tier security,Near Turbhe Railway Station & Palm Beach Road,Navi Mumbai,Turbhe
Residency Turbhe 10,Turbhe,505 to 771 sq.ft.,59 L to 13.1 Cr,59 L,Value housing,₹8–11 Lakh,Metro Builders,Regional developer,2/3/4 BHK,605–971 sq.ft.,South-East,9.0 – 10.0 ft,Open Kitchen with Dining Extension,Good connectivity,"Turbhe, Navi Mumbai",1 & 2 BHK – 505–771 sq.ft.,"Available from HDFC, ICICI, SBI",MahaRERA,Completed,Sep 2026,P51700007020,Yes,Basement Parking,Yes,access control,Near Turbhe Railway Station & Palm Beach Road,Navi Mumbai,Turbhe
Royal Juinagar 1,Juinagar,543 to 987 sq.ft.,40 L to 9.7 Cr,40 L,Affordable options,₹10–8 Lakh,Juinagar Homes,Regional developer,2/3 BHK,643–1187 sq.ft.,North-South,9.5 – 9.5 ft,Compact Modular Kitchen,Good connectivity,"Juinagar, Navi Mumbai",1 & 2 BHK – 543–987 sq.ft.,"Available from HDFC, ICICI, SBI",MahaRERA,Ready to Move,Jun 2027,P51700007021,Yes,Basement Parking,Yes,24x7 security,Near Juinagar Railway Station & Palm Beach Road,Navi Mumbai,Juinagar
Imperial Juinagar 2,Juinagar,582 to 844 sq.ft.,33 L to 9.0 Cr,33 L,Value housing,₹3–12 Lakh,Sunrise Developers,Regional developer,2/3/4 BHK,682–1044 sq.ft.,North-South,9.0 – 9.5 ft,L-Shaped Modular Kitchen,Good connectivity,"Juinagar, Navi Mumbai",1 & 2 BHK – 582–844 sq.ft.,"Available from HDFC, ICICI, SBI",MahaRERA,Ready to Move,Jun 2026,P51700007022,No,Podium Parking,Yes,24x7 security,Near Juinagar Railway Station & Palm Beach Road,Navi Mumbai,Juinagar
Grand Juinagar 3,Juinagar,529 to 783 sq.ft.,63 L to 10.9 Cr,63 L,Mid-segment,₹6–9 Lakh,Juinagar Homes,Regional developer,1/2 BHK,629–983 sq.ft.,West-North,10.0 – 10.0 ft,L-Shaped Modular Kitchen,Good connectivity,"Juinagar, Navi Mumbai",1 & 2 BHK – 529–783 sq.ft.,"Available from HDFC, ICICI, SBI",MahaRERA,Ongoing,Jan 2025,P51700007023,No,Multi-level Parking,Yes,manned security,Near Juinagar Railway Station & Palm Beach Road,Navi Mumbai,Juinagar
Elite Juinagar 4,Juinagar,569 to 939 sq.ft.,68 L to 9.8 Cr,68 L,Affordable options,₹3–15 Lakh,Sunrise Developers,Regional developer,1/2/3 BHK,669–1139 sq.ft.,North-East,9.0 – 9.5 ft,Modular Kitchen with Granite Platform,Good connectivity,"Juinagar, Navi Mumbai",1 & 2 BHK – 569–939 sq.ft.,"Available from HDFC, ICICI, SBI",MahaRERA,Ready to Move,Dec 2027,P51700007024,Yes,Basement Parking,Yes,access control,Near Juinagar Railway Station & Palm Beach Road,Navi Mumbai,Juinagar
Prime Juinagar 5,Juinagar,359 to 891 sq.ft.,57 L to 7.9 Cr,57 L,Premium developer,₹6–9 Lakh,Juinagar Homes,Regional developer,1/2 BHK,459–1091 sq.ft.,West-North,9.5 – 9.5 ft,Compact Modular Kitchen,Good connectivity,"Juinagar, Navi Mumbai",1 & 2 BHK – 359–891 sq.ft.,"Available from HDFC, ICICI, SBI",MahaRERA,Ready to Move,Mar 2027,P51700007025,No,Podium Parking,Yes,24x7 security,Near Juinagar Railway Station & Palm Beach Road,Navi Mumbai,Juinagar
Luxe Juinagar 6,Juinagar,382 to 694 sq.ft.,64 L to 8.4 Cr,64 L,Premium developer,₹10–8 Lakh,Sunrise Developers,Regional developer,1/2/3 BHK,482–894 sq.ft.,North-East,10.0 – 10.0 ft,Designer Modular Kitchen with Utility,Good connectivity,"Juinagar, Navi Mumbai",1 & 2 BHK – 382–694 sq.ft.,"Available from HDFC, ICICI, SBI",MahaRERA,Ongoing,Dec 2027,P51700007026,No,Open Parking,Yes,multi-tier security,Near Juinagar Railway Station & Palm Beach Road,Navi Mumbai,Juinagar
Vista Juinagar 7,Juinagar,599 to 989 sq.ft.,60 L to 10.2 Cr,60 L,Premium developer,₹10–15 Lakh,Juinagar Homes,Regional developer,1/2/3 BHK,699–1189 sq.ft.,West-North,9.5 – 9.5 ft,Designer Modular Kitchen with Utility,Good connectivity,"Juinagar, Navi Mumbai",1 & 2 BHK – 599–989 sq.ft.,"Available from HDFC, ICICI, SBI",MahaRERA,Ongoing,Dec 2026,P51700007027,No,Basement Parking,Yes,cctv security,Near Juinagar Railway Station & Palm Beach Road,Navi Mumbai,Juinagar
Heights Juinagar 8,Juinagar,508 to 1018 sq.ft.,36 L to 5.6 Cr,36 L,Luxury amenities,₹9–12 Lakh,Sunrise Developers,Regional developer,1/2 BHK,608–1218 sq.ft.,South-East,10.0 – 9.5 ft,Modular Kitchen with Granite Platform,Good connectivity,"Juinagar, Navi Mumbai",1 & 2 BHK – 508–1018 sq.ft.,"Available from HDFC, ICICI, SBI",MahaRERA,Ongoing/Ready,Mar 2026,P51700007028,Yes,Multi-level Parking,Yes,cctv security,Near Juinagar Railway Station & Palm Beach Road,Navi Mumbai,Juinagar
Gardens Juinagar 9,Juinagar,454 to 770 sq.ft.,48 L to 12.7 Cr,48 L,Premium developer,₹6–15 Lakh,Juinagar Homes,Regional developer,1/2 BHK,554–970 sq.ft.,East-West,9.0 – 10.0 ft,Open Kitchen with Dining Extension,Good connectivity,"Juinagar, Navi Mumbai",1 & 2 BHK – 454–770 sq.ft.,"Available from HDFC, ICICI, SBI",MahaRERA,Ongoing/Ready,Jun 2027,P51700007029,Yes,Basement Parking,Yes,manned security,Near Juinagar Railway Station & Palm Beach Road,Navi Mumbai,Juinagar
Residency Juinagar 10,Juinagar,353 to 620 sq.ft.,46 L to 10.0 Cr,46 L,Value housing,₹8–14 Lakh,Sunrise Developers,Regional developer,1/2/3 BHK,453–820 sq.ft.,West-North,10.0 – 10.5 ft,L-Shaped Modular Kitchen,Good connectivity,"Juinagar, Navi Mumbai",1 & 2 BHK – 353–620 sq.ft.,"Available from HDFC, ICICI, SBI",MahaRERA,Completed,Jun 2026,P51700007030,No,Multi-level Parking,Yes,access control,Near Juinagar Railway Station & Palm Beach Road,Navi Mumbai,Juinagar
Royal Nerul 1,Nerul,558 to 955 sq.ft.,64 L to 13.9 Cr,64 L,Luxury amenities,₹7–12 Lakh,Nerul Heights,Regional developer,2/3 BHK,658–1155 sq.ft.,North-East,9.0 – 10.0 ft,Modular Kitchen with Granite Platform,Good connectivity,"Nerul, Navi Mumbai",1 & 2 BHK – 558–955 sq.ft.,"Available from HDFC, ICICI, SBI",MahaRERA,Ongoing/Ready,Jun 2027,P51700007031,Yes,Stilt Parking,Yes,multi-tier security,Near Nerul Railway Station & Palm Beach Road,Navi Mumbai,Nerul
Imperial Nerul 2,Nerul,418 to 1003 sq.ft.,58 L to 11.7 Cr,58 L,Luxury amenities,₹4–13 Lakh,Coastal Builders,Regional developer,2/3/4 BHK,518–1203 sq.ft.,East-West,9.5 – 10.0 ft,Designer Modular Kitchen with Utility,Good connectivity,"Nerul, Navi Mumbai",1 & 2 BHK – 418–1003 sq.ft.,"Available from HDFC, ICICI, SBI",MahaRERA,Ongoing/Ready,Jun 2027,P51700007032,Yes,Open Parking,Yes,24x7 security,Near Nerul Railway Station & Palm Beach Road,Navi Mumbai,Nerul
Grand Nerul 3,Nerul,377 to 770 sq.ft.,44 L to 7.3 Cr,44 L,Value housing,₹6–15 Lakh,Nerul Heights,Regional developer,2/3/4 BHK,477–970 sq.ft.,North-East,9.0 – 10.5 ft,L-Shaped Modular Kitchen,Good connectivity,"Nerul, Navi Mumbai",1 & 2 BHK – 377–770 sq.ft.,"Available from HDFC, ICICI, SBI",MahaRERA,Ready to Move,Sep 2025,P51700007033,No,Multi-level Parking,Yes,multi-tier security,Near Nerul Railway Station & Palm Beach Road,Navi Mumbai,Nerul
Elite Nerul 4,Nerul,598 to 1091 sq.ft.,61 L to 13.1 Cr,61 L,Mid-segment,₹10–14 Lakh,Coastal Builders,Regional developer,1/2 BHK,698–1291 sq.ft.,East-West,9.0 – 10.0 ft,Open Kitchen with Dining Extension,Good connectivity,"Nerul, Navi Mumbai",1 & 2 BHK – 598–1091 sq.ft.,"Available from HDFC, ICICI, SBI",MahaRERA,Ongoing,Jan 2025,P51700007034,Yes,Stilt Parking,Yes,multi-tier security,Near Nerul Railway Station & Palm Beach Road,Navi Mumbai,Nerul
Prime Nerul 5,Nerul,454 to 675 sq.ft.,46 L to 10.2 Cr,46 L,Premium developer,₹6–14 Lakh,Nerul Heights,Regional developer,1/2/3 BHK,554–875 sq.ft.,North-East,9.0 – 10.5 ft,Modular Kitchen with Granite Platform,Good connectivity,"Nerul, Navi Mumbai",1 & 2 BHK – 454–675 sq.ft.,"Available from HDFC, ICICI, SBI",MahaRERA,Ongoing/Ready,Dec 2027,P51700007035,No,Basement Parking,Yes,multi-tier security,Near Nerul Railway Station & Palm Beach Road,Navi Mumbai,Nerul
Luxe Nerul 6,Nerul,552 to 898 sq.ft.,35 L to 8.5 Cr,35 L,Value housing,₹4–12 Lakh,Coastal Builders,Regional developer,2/3 BHK,652–1098 sq.ft.,West-North,9.0 – 9.5 ft,Designer Modular Kitchen with Utility,Good connectivity,"Nerul, Navi Mumbai",1 & 2 BHK – 552–898 sq.ft.,"Available from HDFC, ICICI, SBI",MahaRERA,Ready to Move,Dec 2027,P51700007036,No,Stilt Parking,Yes,manned security,Near Nerul Railway Station & Palm Beach Road,Navi Mumbai,Nerul
Vista Nerul 7,Nerul,444 to 644 sq.ft.,37 L to 6.6 Cr,37 L,Value housing,₹10–8 Lakh,Nerul Heights,Regional developer,2/3/4 BHK,544–844 sq.ft.,South-East,10.0 – 10.5 ft,Designer Modular Kitchen with Utility,Good connectivity,"Nerul, Navi Mumbai",1 & 2 BHK – 444–644 sq.ft.,"Available from HDFC, ICICI, SBI",MahaRERA,Completed,Jan 2025,P51700007037,No,Multi-level Parking,Yes,24x7 security,Near Nerul Railway Station & Palm Beach Road,Navi Mumbai,Nerul
Heights Nerul 8,Nerul,588 to 1108 sq.ft.,55 L to 9.5 Cr,55 L,Mid-segment,₹10–8 Lakh,Coastal Builders,Regional developer,1/2/3 BHK,688–1308 sq.ft.,West-North,10.0 – 10.5 ft,Designer Modular Kitchen with Utility,Good connectivity,"Nerul, Navi Mumbai",1 & 2 BHK – 588–1108 sq.ft.,"Available from HDFC, ICICI, SBI",MahaRERA,Ready to Move,Jan 2026,P51700007038,No,Multi-level Parking,Yes,access control,Near Nerul Railway Station & Palm Beach Road,Navi Mumbai,Nerul
Gardens Nerul 9,Nerul,511 to 860 sq.ft.,59 L to 12.5 Cr,59 L,Affordable options,₹7–11 Lakh,Nerul Heights,Regional developer,1/2 BHK,611–1060 sq.ft.,East-West,10.0 – 10.5 ft,Designer Modular Kitchen with Utility,Good connectivity,"Nerul, Navi Mumbai",1 & 2 BHK – 511–860 sq.ft.,"Available from HDFC, ICICI, SBI",MahaRERA,Ongoing,Jan 2026,P51700007039,No,Multi-level Parking,Yes,multi-tier security,Near Nerul Railway Station & Palm Beach Road,Navi Mumbai,Nerul
Residency Nerul 10,Nerul,399 to 696 sq.ft.,39 L to 6.1 Cr,39 L,Value housing,₹8–14 Lakh,Coastal Builders,Regional developer,2/3/4 BHK,499–896 sq.ft.,South-East,9.5 – 9.5 ft,Designer Modular Kitchen with Utility,Good connectivity,"Nerul, Navi Mumbai",1 & 2 BHK – 399–696 sq.ft.,"Available from HDFC, ICICI, SBI",MahaRERA,Ready to Move,Sep 2026,P51700007040,Yes,Open Parking,Yes,24x7 security,Near Nerul Railway Station & Palm Beach Road,Navi Mumbai,Nerul
Royal Seawoods 1,Seawoods,495 to 870 sq.ft.,58 L to 11.3 Cr,58 L,Mid-segment,₹7–10 Lakh,Seawoods Realty,Regional developer,2/3 BHK,595–1070 sq.ft.,South-East,9.0 – 10.0 ft,L-Shaped Modular Kitchen,Good connectivity,"Seawoods, Navi Mumbai",1 & 2 BHK – 495–870 sq.ft.,"Available from HDFC, ICICI, SBI",MahaRERA,Completed,Jan 2026,P51700007041,Yes,Podium Parking,Yes,multi-tier security,Near Seawoods Railway Station & Palm Beach Road,Navi Mumbai,Seawoods
Imperial Seawoods 2,Seawoods,585 to 1177 sq.ft.,38 L to 8.2 Cr,38 L,Premium developer,₹8–13 Lakh,Ocean View Developers,Regional developer,2/3/4 BHK,685–1377 sq.ft.,East-West,10.0 – 10.0 ft,Designer Modular Kitchen with Utility,Good connectivity,"Seawoods, Navi Mumbai",1 & 2 BHK – 585–1177 sq.ft.,"Available from HDFC, ICICI, SBI",MahaRERA,Completed,Sep 2025,P51700007042,Yes,Basement Parking,Yes,manned security,Near Seawoods Railway Station & Palm Beach Road,Navi Mumbai,Seawoods
Grand Seawoods 3,Seawoods,565 to 800 sq.ft.,46 L to 7.4 Cr,46 L,Value housing,₹9–13 Lakh,Seawoods Realty,Regional developer,1/2 BHK,665–1000 sq.ft.,North-East,10.0 – 10.5 ft,Compact Modular Kitchen,Good connectivity,"Seawoods, Navi Mumbai",1 & 2 BHK – 565–800 sq.ft.,"Available from HDFC, ICICI, SBI",MahaRERA,Ongoing/Ready,Sep 2025,P51700007043,Yes,Open Parking,Yes,cctv security,Near Seawoods Railway Station & Palm Beach Road,Navi Mumbai,Seawoods
Elite Seawoods 4,Seawoods,566 to 1150 sq.ft.,37 L to 9.2 Cr,37 L,Luxury amenities,₹3–8 Lakh,Ocean View Developers,Regional developer,1/2/3 BHK,666–1350 sq.ft.,North-South,9.0 – 10.5 ft,L-Shaped Modular Kitchen,Good connectivity,"Seawoods, Navi Mumbai",1 & 2 BHK – 566–1150 sq.ft.,"Available from HDFC, ICICI, SBI",MahaRERA,Completed,Sep 2027,P51700007044,Yes,Podium Parking,Yes,manned security,Near Seawoods Railway Station & Palm Beach Road,Navi Mumbai,Seawoods
Prime Seawoods 5,Seawoods,578 to 1117 sq.ft.,33 L to 5.9 Cr,33 L,Luxury amenities,₹4–13 Lakh,Seawoods Realty,Regional developer,1/2 BHK,678–1317 sq.ft.,North-East,9.0 – 10.5 ft,Open Kitchen with Dining Extension,Good connectivity,"Seawoods, Navi Mumbai",1 & 2 BHK – 578–1117 sq.ft.,"Available from HDFC, ICICI, SBI",MahaRERA,Ready to Move,Dec 2027,P51700007045,Yes,Basement Parking,Yes,24x7 security,Near Seawoods Railway Station & Palm Beach Road,Navi Mumbai,Seawoods
Luxe Seawoods 6,Seawoods,558 to 810 sq.ft.,51 L to 7.1 Cr,51 L,Value housing,₹8–10 Lakh,Ocean View Developers,Regional developer,1/2 BHK,658–1010 sq.ft.,North-East,9.0 – 9.5 ft,Compact Modular Kitchen,Good connectivity,"Seawoods, Navi Mumbai",1 & 2 BHK – 558–810 sq.ft.,"Available from HDFC, ICICI, SBI",MahaRERA,Ongoing/Ready,Jun 2027,P51700007046,No,Open Parking,Yes,cctv security,Near Seawoods Railway Station & Palm Beach Road,Navi Mumbai,Seawoods
Vista Seawoods 7,Seawoods,410 to 903 sq.ft.,65 L to 9.2 Cr,65 L,Value housing,₹8–11 Lakh,Seawoods Realty,Regional developer,1/2/3 BHK,510–1103 sq.ft.,East-West,9.5 – 10.0 ft,Modular Kitchen with Granite Platform,Good connectivity,"Seawoods, Navi Mumbai",1 & 2 BHK – 410–903 sq.ft.,"Available from HDFC, ICICI, SBI",MahaRERA,Ongoing,Jun 2025,P51700007047,Yes,Basement Parking,Yes,cctv security,Near Seawoods Railway Station & Palm Beach Road,Navi Mumbai,Seawoods
Heights Seawoods 8,Seawoods,450 to 1006 sq.ft.,69 L to 10.7 Cr,69 L,Affordable options,₹10–15 Lakh,Ocean View Developers,Regional developer,2/3/4 BHK,550–1206 sq.ft.,North-East,9.0 – 10.5 ft,Compact Modular Kitchen,Good connectivity,"Seawoods, Navi Mumbai",1 & 2 BHK – 450–1006 sq.ft.,"Available from HDFC, ICICI, SBI",MahaRERA,Ongoing/Ready,Jan 2027,P51700007048,No,Multi-level Parking,Yes,24x7 security,Near Seawoods Railway Station & Palm Beach Road,Navi Mumbai,Seawoods
Gardens Seawoods 9,Seawoods,515 to 944 sq.ft.,40 L to 6.9 Cr,40 L,Affordable options,₹8–15 Lakh,Seawoods Realty,Regional developer,2/3 BHK,615–1144 sq.ft.,West-North,10.0 – 10.5 ft,Designer Modular Kitchen with Utility,Good connectivity,"Seawoods, Navi Mumbai",1 & 2 BHK – 515–944 sq.ft.,"Available from HDFC, ICICI, SBI",MahaRERA,Completed,Mar 2025,P51700007049,No,Open Parking,Yes,24x7 security,Near Seawoods Railway Station & Palm Beach Road,Navi Mumbai,Seawoods
Residency Seawoods 10,Seawoods,509 to 807 sq.ft.,36 L to 9.4 Cr,36 L,Mid-segment,₹10–15 Lakh,Ocean View Developers,Regional developer,1/2 BHK,609–1007 sq.ft.,East-West,9.0 – 10.0 ft,Modular Kitchen with Granite Platform,Good connectivity,"Seawoods, Navi Mumbai",1 & 2 BHK – 509–807 sq.ft.,"Available from HDFC, ICICI, SBI",MahaRERA,Ongoing/Ready,Dec 2027,P51700007050,Yes,Basement Parking,Yes,24x7 security,Near Seawoods Railway Station & Palm Beach Road,Navi Mumbai,Seawoods
Royal Belapur 1,Belapur,362 to 624 sq.ft.,45 L to 9.7 Cr,45 L,Value housing,₹9–8 Lakh,Belapur Constructions,Regional developer,2/3 BHK,462–824 sq.ft.,North-South,9.0 – 10.5 ft,Compact Modular Kitchen,Good connectivity,"Belapur, Navi Mumbai",1 & 2 BHK – 362–624 sq.ft.,"Available from HDFC, ICICI, SBI",MahaRERA,Completed,Mar 2026,P51700007051,No,Basement Parking,Yes,access control,Near Belapur Railway Station & Palm Beach Road,Navi Mumbai,Belapur
Imperial Belapur 2,Belapur,433 to 702 sq.ft.,69 L to 10.8 Cr,69 L,Mid-segment,₹3–14 Lakh,CBD Developers,Regional developer,2/3/4 BHK,533–902 sq.ft.,North-East,9.5 – 10.5 ft,L-Shaped Modular Kitchen,Good connectivity,"Belapur, Navi Mumbai",1 & 2 BHK – 433–702 sq.ft.,"Available from HDFC, ICICI, SBI",MahaRERA,Ongoing,Jan 2025,P51700007052,No,Basement Parking,Yes,24x7 security,Near Belapur Railway Station & Palm Beach Road,Navi Mumbai,Belapur
Grand Belapur 3,Belapur,535 to 1025 sq.ft.,39 L to 11.7 Cr,39 L,Premium developer,₹7–10 Lakh,Belapur Constructions,Regional developer,1/2/3 BHK,635–1225 sq.ft.,North-East,9.0 – 10.5 ft,Compact Modular Kitchen,Good connectivity,"Belapur, Navi Mumbai",1 & 2 BHK – 535–1025 sq.ft.,"Available from HDFC, ICICI, SBI",MahaRERA,Ongoing/Ready,Jun 2025,P51700007053,Yes,Podium Parking,Yes,manned security,Near Belapur Railway Station & Palm Beach Road,Navi Mumbai,Belapur
Elite Belapur 4,Belapur,500 to 1065 sq.ft.,36 L to 6.9 Cr,36 L,Affordable options,₹10–12 Lakh,CBD Developers,Regional developer,1/2 BHK,600–1265 sq.ft.,West-North,10.0 – 9.5 ft,Modular Kitchen with Granite Platform,Good connectivity,"Belapur, Navi Mumbai",1 & 2 BHK – 500–1065 sq.ft.,"Available from HDFC, ICICI, SBI",MahaRERA,Ready to Move,Mar 2026,P51700007054,Yes,Basement Parking,Yes,manned security,Near Belapur Railway Station & Palm Beach Road,Navi Mumbai,Belapur
Prime Belapur 5,Belapur,402 to 683 sq.ft.,61 L to 9.9 Cr,61 L,Value housing,₹6–14 Lakh,Belapur Constructions,Regional developer,2/3/4 BHK,502–883 sq.ft.,North-East,9.0 – 9.5 ft,Designer Modular Kitchen with Utility,Good connectivity,"Belapur, Navi Mumbai",1 & 2 BHK – 402–683 sq.ft.,"Available from HDFC, ICICI, SBI",MahaRERA,Ready to Move,Dec 2027,P51700007055,No,Podium Parking,Yes,access control,Near Belapur Railway Station & Palm Beach Road,Navi Mumbai,Belapur
Luxe Belapur 6,Belapur,558 to 797 sq.ft.,31 L to 7.9 Cr,31 L,Affordable options,₹4–13 Lakh,CBD Developers,Regional developer,2/3 BHK,658–997 sq.ft.,West-North,9.5 – 10.0 ft,Designer Modular Kitchen with Utility,Good connectivity,"Belapur, Navi Mumbai",1 & 2 BHK – 558–797 sq.ft.,"Available from HDFC, ICICI, SBI",MahaRERA,Ongoing,Jun 2027,P51700007056,Yes,Stilt Parking,Yes,manned security,Near Belapur Railway Station & Palm Beach Road,Navi Mumbai,Belapur
Vista Belapur 7,Belapur,370 to 887 sq.ft.,42 L to 7.5 Cr,42 L,Value housing,₹9–12 Lakh,Belapur Constructions,Regional developer,2/3/4 BHK,470–1087 sq.ft.,North-South,9.0 – 10.0 ft,L-Shaped Modular Kitchen,Good connectivity,"Belapur, Navi Mumbai",1 & 2 BHK – 370–887 sq.ft.,"Available from HDFC, ICICI, SBI",MahaRERA,Completed,Mar 2025,P51700007057,Yes,Multi-level Parking,Yes,access control,Near Belapur Railway Station & Palm Beach Road,Navi Mumbai,Belapur
Heights Belapur 8,Belapur,545 to 971 sq.ft.,58 L to 10.6 Cr,58 L,Luxury amenities,₹6–11 Lakh,CBD Developers,Regional developer,2/3 BHK,645–1171 sq.ft.,South-East,9.5 – 9.5 ft,Modular Kitchen with Granite Platform,Good connectivity,"Belapur, Navi Mumbai",1 & 2 BHK – 545–971 sq.ft.,"Available from HDFC, ICICI, SBI",MahaRERA,Ready to Move,Jan 2026,P51700007058,Yes,Open Parking,Yes,manned security,Near Belapur Railway Station & Palm Beach Road,Navi Mumbai,Belapur
Gardens Belapur 9,Belapur,397 to 623 sq.ft.,47 L to 11.9 Cr,47 L,Mid-segment,₹8–9 Lakh,Belapur Constructions,Regional developer,2/3 BHK,497–823 sq.ft.,South-East,10.0 – 10.5 ft,Designer Modular Kitchen with Utility,Good connectivity,"Belapur, Navi Mumbai",1 & 2 BHK – 397–623 sq.ft.,"Available from HDFC, ICICI, SBI",MahaRERA,Ongoing/Ready,Jun 2025,P51700007059,No,Stilt Parking,Yes,cctv security,Near Belapur Railway Station & Palm Beach Road,Navi Mumbai,Belapur
Residency Belapur 10,Belapur,407 to 610 sq.ft.,42 L to 9.8 Cr,42 L,Luxury amenities,₹10–15 Lakh,CBD Developers,Regional developer,1/2 BHK,507–810 sq.ft.,North-South,9.0 – 10.5 ft,Designer Modular Kitchen with Utility,Good connectivity,"Belapur, Navi Mumbai",1 & 2 BHK – 407–610 sq.ft.,"Available from HDFC, ICICI, SBI",MahaRERA,Ongoing,Mar 2025,P51700007060,No,Stilt Parking,Yes,manned security,Near Belapur Railway Station & Palm Beach Road,Navi Mumbai,Belapur
Royal Kharghar 1,Kharghar,377 to 934 sq.ft.,70 L to 12.2 Cr,70 L,Premium developer,₹6–14 Lakh,Kharghar Builders,Regional developer,1/2 BHK,477–1134 sq.ft.,East-West,10.0 – 10.5 ft,Open Kitchen with Dining Extension,Good connectivity,"Kharghar, Navi Mumbai",1 & 2 BHK – 377–934 sq.ft.,"Available from HDFC, ICICI, SBI",MahaRERA,Ongoing/Ready,Jun 2026,P51700007061,No,Podium Parking,Yes,manned security,Near Kharghar Railway Station & Palm Beach Road,Navi Mumbai,Kharghar
Imperial Kharghar 2,Kharghar,489 to 800 sq.ft.,41 L to 9.1 Cr,41 L,Mid-segment,₹8–13 Lakh,Hillside Realty,Regional developer,2/3 BHK,589–1000 sq.ft.,South-East,9.0 – 10.0 ft,Compact Modular Kitchen,Good connectivity,"Kharghar, Navi Mumbai",1 & 2 BHK – 489–800 sq.ft.,"Available from HDFC, ICICI, SBI",MahaRERA,Ongoing,Mar 2025,P51700007062,Yes,Basement Parking,Yes,cctv security,Near Kharghar Railway Station & Palm Beach Road,Navi Mumbai,Kharghar
Grand Kharghar 3,Kharghar,427 to 931 sq.ft.,67 L to 9.3 Cr,67 L,Premium developer,₹5–15 Lakh,Kharghar Builders,Regional developer,1/2/3 BHK,527–1131 sq.ft.,South-East,9.0 – 10.0 ft,Designer Modular Kitchen with Utility,Good connectivity,"Kharghar, Navi Mumbai",1 & 2 BHK – 427–931 sq.ft.,"Available from HDFC, ICICI, SBI",MahaRERA,Ready to Move,Dec 2026,P51700007063,Yes,Multi-level Parking,Yes,access control,Near Kharghar Railway Station & Palm Beach Road,Navi Mumbai,Kharghar
Elite Kharghar 4,Kharghar,355 to 708 sq.ft.,56 L to 12.6 Cr,56 L,Value housing,₹8–9 Lakh,Hillside Realty,Regional developer,2/3/4 BHK,455–908 sq.ft.,North-East,9.5 – 10.0 ft,L-Shaped Modular Kitchen,Good connectivity,"Kharghar, Navi Mumbai",1 & 2 BHK – 355–708 sq.ft.,"Available from HDFC, ICICI, SBI",MahaRERA,Ongoing/Ready,Jun 2025,P51700007064,Yes,Stilt Parking,Yes,multi-tier security,Near Kharghar Railway Station & Palm Beach Road,Navi Mumbai,Kharghar
Prime Kharghar 5,Kharghar,499 to 843 sq.ft.,32 L to 9.2 Cr,32 L,Luxury amenities,₹5–10 Lakh,Kharghar Builders,Regional developer,2/3 BHK,599–1043 sq.ft.,North-East,9.5 – 9.5 ft,L-Shaped Modular Kitchen,Good connectivity,"Kharghar, Navi Mumbai",1 & 2 BHK – 499–843 sq.ft.,"Available from HDFC, ICICI, SBI",MahaRERA,Completed,Jun 2027,P51700007065,Yes,Multi-level Parking,Yes,multi-tier security,Near Kharghar Railway Station & Palm Beach Road,Navi Mumbai,Kharghar
Luxe Kharghar 6,Kharghar,529 to 1044 sq.ft.,44 L to 8.6 Cr,44 L,Mid-segment,₹10–8 Lakh,Hillside Realty,Regional developer,2/3 BHK,629–1244 sq.ft.,North-South,10.0 – 10.0 ft,Designer Modular Kitchen with Utility,Good connectivity,"Kharghar, Navi Mumbai",1 & 2 BHK – 529–1044 sq.ft.,"Available from HDFC, ICICI, SBI",MahaRERA,Ready to Move,Dec 2027,P51700007066,Yes,Podium Parking,Yes,access control,Near Kharghar Railway Station & Palm Beach Road,Navi Mumbai,Kharghar
Vista Kharghar 7,Kharghar,585 to 792 sq.ft.,68 L to 14.2 Cr,68 L,Affordable options,₹3–12 Lakh,Kharghar Builders,Regional developer,2/3/4 BHK,685–992 sq.ft.,West-North,9.5 – 10.5 ft,Compact Modular Kitchen,Good connectivity,"Kharghar, Navi Mumbai",1 & 2 BHK – 585–792 sq.ft.,"Available from HDFC, ICICI, SBI",MahaRERA,Ongoing/Ready,Jun 2027,P51700007067,Yes,Podium Parking,Yes,24x7 security,Near Kharghar Railway Station & Palm Beach Road,Navi Mumbai,Kharghar
Heights Kharghar 8,Kharghar,397 to 967 sq.ft.,35 L to 9.4 Cr,35 L,Luxury amenities,₹9–9 Lakh,Hillside Realty,Regional developer,2/3 BHK,497–1167 sq.ft.,North-East,9.0 – 9.5 ft,Modular Kitchen with Granite Platform,Good connectivity,"Kharghar, Navi Mumbai",1 & 2 BHK – 397–967 sq.ft.,"Available from HDFC, ICICI, SBI",MahaRERA,Completed,Jan 2027,P51700007068,No,Stilt Parking,Yes,cctv security,Near Kharghar Railway Station & Palm Beach Road,Navi Mumbai,Kharghar
Gardens Kharghar 9,Kharghar,401 to 750 sq.ft.,35 L to 9.7 Cr,35 L,Affordable options,₹7–14 Lakh,Kharghar Builders,Regional developer,1/2 BHK,501–950 sq.ft.,North-East,10.0 – 9.5 ft,Open Kitchen with Dining Extension,Good connectivity,"Kharghar, Navi Mumbai",1 & 2 BHK – 401–750 sq.ft.,"Available from HDFC, ICICI, SBI",MahaRERA,Ready to Move,Jan 2027,P51700007069,Yes,Multi-level Parking,Yes,cctv security,Near Kharghar Railway Station & Palm Beach Road,Navi Mumbai,Kharghar
Residency Kharghar 10,Kharghar,396 to 681 sq.ft.,59 L to 8.6 Cr,59 L,Affordable options,₹4–9 Lakh,Hillside Realty,Regional developer,1/2/3 BHK,496–881 sq.ft.,East-West,9.0 – 10.0 ft,Compact Modular Kitchen,Good connectivity,"Kharghar, Navi Mumbai",1 & 2 BHK – 396–681 sq.ft.,"Available from HDFC, ICICI, SBI",MahaRERA,Ongoing,Sep 2026,P51700007070,Yes,Podium Parking,Yes,manned security,Near Kharghar Railway Station & Palm Beach Road,Navi Mumbai,Kharghar
Royal Mansarovar 1,Mansarovar,582 to 902 sq.ft.,33 L to 9.3 Cr,33 L,Value housing,₹9–9 Lakh,Mansarovar Homes,Regional developer,2/3/4 BHK,682–1102 sq.ft.,East-West,9.5 – 9.5 ft,Designer Modular Kitchen with Utility,Good connectivity,"Mansarovar, Navi Mumbai",1 & 2 BHK – 582–902 sq.ft.,"Available from HDFC, ICICI, SBI",MahaRERA,Ongoing,Jun 2027,P51700007071,Yes,Podium Parking,Yes,manned security,Near Mansarovar Railway Station & Palm Beach Road,Navi Mumbai,Mansarovar
Imperial Mansarovar 2,Mansarovar,386 to 931 sq.ft.,52 L to 11.8 Cr,52 L,Affordable options,₹4–13 Lakh,Lake View Developers,Regional developer,2/3/4 BHK,486–1131 sq.ft.,North-East,9.5 – 9.5 ft,Designer Modular Kitchen with Utility,Good connectivity,"Mansarovar, Navi Mumbai",1 & 2 BHK – 386–931 sq.ft.,"Available from HDFC, ICICI, SBI",MahaRERA,Completed,Dec 2025,P51700007072,Yes,Multi-level Parking,Yes,24x7 security,Near Mansarovar Railway Station & Palm Beach Road,Navi Mumbai,Mansarovar
Grand Mansarovar 3,Mansarovar,478 to 998 sq.ft.,51 L to 11.8 Cr,51 L,Value housing,₹7–14 Lakh,Mansarovar Homes,Regional developer,2/3/4 BHK,578–1198 sq.ft.,North-East,9.5 – 9.5 ft,Compact Modular Kitchen,Good connectivity,"Mansarovar, Navi Mumbai",1 & 2 BHK – 478–998 sq.ft.,"Available from HDFC, ICICI, SBI",MahaRERA,Ongoing/Ready,Jan 2025,P51700007073,No,Stilt Parking,Yes,multi-tier security,Near Mansarovar Railway Station & Palm Beach Road,Navi Mumbai,Mansarovar
Elite Mansarovar 4,Mansarovar,384 to 791 sq.ft.,50 L to 9.1 Cr,50 L,Value housing,₹9–11 Lakh,Lake View Developers,Regional developer,1/2/3 BHK,484–991 sq.ft.,South-East,9.0 – 9.5 ft,Designer Modular Kitchen with Utility,Good connectivity,"Mansarovar, Navi Mumbai",1 & 2 BHK – 384–791 sq.ft.,"Available from HDFC, ICICI, SBI",MahaRERA,Ongoing,Mar 2026,P51700007074,Yes,Podium Parking,Yes,24x7 security,Near Mansarovar Railway Station & Palm Beach Road,Navi Mumbai,Mansarovar
Prime Mansarovar 5,Mansarovar,481 to 703 sq.ft.,34 L to 9.6 Cr,34 L,Premium developer,₹8–9 Lakh,Mansarovar Homes,Regional developer,1/2 BHK,581–903 sq.ft.,South-East,9.0 – 10.0 ft,Designer Modular Kitchen with Utility,Good connectivity,"Mansarovar, Navi Mumbai",1 & 2 BHK – 481–703 sq.ft.,"Available from HDFC, ICICI, SBI",MahaRERA,Ongoing/Ready,Jun 2026,P51700007075,Yes,Podium Parking,Yes,cctv security,Near Mansarovar Railway Station & Palm Beach Road,Navi Mumbai,Mansarovar
Luxe Mansarovar 6,Mansarovar,510 to 1002 sq.ft.,65 L to 14.3 Cr,65 L,Value housing,₹4–14 Lakh,Lake View Developers,Regional developer,2/3 BHK,610–1202 sq.ft.,West-North,9.0 – 10.0 ft,Designer Modular Kitchen with Utility,Good connectivity,"Mansarovar, Navi Mumbai",1 & 2 BHK – 510–1002 sq.ft.,"Available from HDFC, ICICI, SBI",MahaRERA,Ongoing/Ready,Mar 2027,P51700007076,No,Basement Parking,Yes,manned security,Near Mansarovar Railway Station & Palm Beach Road,Navi Mumbai,Mansarovar
Vista Mansarovar 7,Mansarovar,503 to 723 sq.ft.,48 L to 10.7 Cr,48 L,Mid-segment,₹8–14 Lakh,Mansarovar Homes,Regional developer,1/2 BHK,603–923 sq.ft.,West-North,9.5 – 10.5 ft,Designer Modular Kitchen with Utility,Good connectivity,"Mansarovar, Navi Mumbai",1 & 2 BHK – 503–723 sq.ft.,"Available from HDFC, ICICI, SBI",MahaRERA,Ready to Move,Dec 2025,P51700007077,No,Basement Parking,Yes,cctv security,Near Mansarovar Railway Station & Palm Beach Road,Navi Mumbai,Mansarovar
Heights Mansarovar 8,Mansarovar,549 to 934 sq.ft.,42 L to 10.5 Cr,42 L,Affordable options,₹6–14 Lakh,Lake View Developers,Regional developer,2/3 BHK,649–1134 sq.ft.,North-South,10.0 – 9.5 ft,Modular Kitchen with Granite Platform,Good connectivity,"Mansarovar, Navi Mumbai",1 & 2 BHK – 549–934 sq.ft.,"Available from HDFC, ICICI, SBI",MahaRERA,Ongoing,Jun 2026,P51700007078,Yes,Stilt Parking,Yes,multi-tier security,Near Mansarovar Railway Station & Palm Beach Road,Navi Mumbai,Mansarovar
Gardens Mansarovar 9,Mansarovar,501 to 1092 sq.ft.,47 L to 7.2 Cr,47 L,Mid-segment,₹9–9 Lakh,Mansarovar Homes,Regional developer,1/2 BHK,601–1292 sq.ft.,West-North,9.0 – 10.0 ft,Compact Modular Kitchen,Good connectivity,"Mansarovar, Navi Mumbai",1 & 2 BHK – 501–1092 sq.ft.,"Available from HDFC, ICICI, SBI",MahaRERA,Ongoing/Ready,Mar 2026,P51700007079,Yes,Stilt Parking,Yes,access control,Near Mansarovar Railway Station & Palm Beach Road,Navi Mumbai,Mansarovar
Residency Mansarovar 10,Mansarovar,535 to 1069 sq.ft.,52 L to 8.3 Cr,52 L,Value housing,₹4–8 Lakh,Lake View Developers,Regional developer,2/3/4 BHK,635–1269 sq.ft.,North-South,9.5 – 10.5 ft,Compact Modular Kitchen,Good connectivity,"Mansarovar, Navi Mumbai",1 & 2 BHK – 535–1069 sq.ft.,"Available from HDFC, ICICI, SBI",MahaRERA,Ongoing/Ready,Dec 2027,P51700007080,No,Stilt Parking,Yes,24x7 security,Near Mansarovar Railway Station & Palm Beach Road,Navi Mumbai,Mansarovar
Royal Khandeshwar 1,Khandeshwar,470 to 832 sq.ft.,69 L to 12.9 Cr,69 L,Value housing,₹4–9 Lakh,Khandeshwar Realty,Regional developer,2/3/4 BHK,570–1032 sq.ft.,South-East,10.0 – 10.0 ft,Open Kitchen with Dining Extension,Good connectivity,"Khandeshwar, Navi Mumbai",1 & 2 BHK – 470–832 sq.ft.,"Available from HDFC, ICICI, SBI",MahaRERA,Ready to Move,Jan 2026,P51700007081,No,Multi-level Parking,Yes,24x7 security,Near Khandeshwar Railway Station & Palm Beach Road,Navi Mumbai,Khandeshwar
Imperial Khandeshwar 2,Khandeshwar,493 to 998 sq.ft.,44 L to 12.3 Cr,44 L,Luxury amenities,₹3–12 Lakh,Green Valley Builders,Regional developer,1/2/3 BHK,593–1198 sq.ft.,South-East,9.0 – 10.0 ft,Open Kitchen with Dining Extension,Good connectivity,"Khandeshwar, Navi Mumbai",1 & 2 BHK – 493–998 sq.ft.,"Available from HDFC, ICICI, SBI",MahaRERA,Completed,Jan 2027,P51700007082,Yes,Multi-level Parking,Yes,cctv security,Near Khandeshwar Railway Station & Palm Beach Road,Navi Mumbai,Khandeshwar
Grand Khandeshwar 3,Khandeshwar,467 to 1062 sq.ft.,33 L to 8.9 Cr,33 L,Affordable options,₹10–13 Lakh,Khandeshwar Realty,Regional developer,2/3/4 BHK,567–1262 sq.ft.,South-East,9.0 – 10.5 ft,Compact Modular Kitchen,Good connectivity,"Khandeshwar, Navi Mumbai",1 & 2 BHK – 467–1062 sq.ft.,"Available from HDFC, ICICI, SBI",MahaRERA,Ongoing/Ready,Jun 2026,P51700007083,Yes,Stilt Parking,Yes,24x7 security,Near Khandeshwar Railway Station & Palm Beach Road,Navi Mumbai,Khandeshwar
Elite Khandeshwar 4,Khandeshwar,545 to 1008 sq.ft.,52 L to 12.7 Cr,52 L,Premium developer,₹8–11 Lakh,Green Valley Builders,Regional developer,1/2/3 BHK,645–1208 sq.ft.,South-East,9.5 – 10.5 ft,Modular Kitchen with Granite Platform,Good connectivity,"Khandeshwar, Navi Mumbai",1 & 2 BHK – 545–1008 sq.ft.,"Available from HDFC, ICICI, SBI",MahaRERA,Completed,Sep 2025,P51700007084,Yes,Basement Parking,Yes,manned security,Near Khandeshwar Railway Station & Palm Beach Road,Navi Mumbai,Khandeshwar
Prime Khandeshwar 5,Khandeshwar,582 to 920 sq.ft.,34 L to 7.5 Cr,34 L,Value housing,₹5–10 Lakh,Khandeshwar Realty,Regional developer,1/2/3 BHK,682–1120 sq.ft.,North-South,9.5 – 10.5 ft,Modular Kitchen with Granite Platform,Good connectivity,"Khandeshwar, Navi Mumbai",1 & 2 BHK – 582–920 sq.ft.,"Available from HDFC, ICICI, SBI",MahaRERA,Ongoing,Dec 2027,P51700007085,No,Multi-level Parking,Yes,access control,Near Khandeshwar Railway Station & Palm Beach Road,Navi Mumbai,Khandeshwar
Luxe Khandeshwar 6,Khandeshwar,435 to 770 sq.ft.,68 L to 14.6 Cr,68 L,Premium developer,₹4–15 Lakh,Green Valley Builders,Regional developer,1/2/3 BHK,535–970 sq.ft.,North-South,9.5 – 10.0 ft,Compact Modular Kitchen,Good connectivity,"Khandeshwar, Navi Mumbai",1 & 2 BHK – 435–770 sq.ft.,"Available from HDFC, ICICI, SBI",MahaRERA,Completed,Mar 2025,P51700007086,Yes,Multi-level Parking,Yes,access control,Near Khandeshwar Railway Station & Palm Beach Road,Navi Mumbai,Khandeshwar
Vista Khandeshwar 7,Khandeshwar,373 to 581 sq.ft.,32 L to 7.2 Cr,32 L,Affordable options,₹8–12 Lakh,Khandeshwar Realty,Regional developer,2/3/4 BHK,473–781 sq.ft.,South-East,9.0 – 10.5 ft,Designer Modular Kitchen with Utility,Good connectivity,"Khandeshwar, Navi Mumbai",1 & 2 BHK – 373–581 sq.ft.,"Available from HDFC, ICICI, SBI",MahaRERA,Ready to Move,Jan 2026,P51700007087,Yes,Podium Parking,Yes,multi-tier security,Near Khandeshwar Railway Station & Palm Beach Road,Navi Mumbai,Khandeshwar
Heights Khandeshwar 8,Khandeshwar,444 to 777 sq.ft.,57 L to 13.1 Cr,57 L,Affordable options,₹10–15 Lakh,Green Valley Builders,Regional developer,1/2/3 BHK,544–977 sq.ft.,South-East,10.0 – 9.5 ft,Designer Modular Kitchen with Utility,Good connectivity,"Khandeshwar, Navi Mumbai",1 & 2 BHK – 444–777 sq.ft.,"Available from HDFC, ICICI, SBI",MahaRERA,Ready to Move,Jan 2025,P51700007088,No,Open Parking,Yes,cctv security,Near Khandeshwar Railway Station & Palm Beach Road,Navi Mumbai,Khandeshwar
Gardens Khandeshwar 9,Khandeshwar,398 to 729 sq.ft.,64 L to 13.8 Cr,64 L,Premium developer,₹5–13 Lakh,Khandeshwar Realty,Regional developer,2/3 BHK,498–929 sq.ft.,East-West,9.5 – 9.5 ft,L-Shaped Modular Kitchen,Good connectivity,"Khandeshwar, Navi Mumbai",1 & 2 BHK – 398–729 sq.ft.,"Available from HDFC, ICICI, SBI",MahaRERA,Completed,Jan 2026,P51700007089,No,Podium Parking,Yes,24x7 security,Near Khandeshwar Railway Station & Palm Beach Road,Navi Mumbai,Khandeshwar
Residency Khandeshwar 10,Khandeshwar,471 to 1037 sq.ft.,48 L to 10.4 Cr,48 L,Luxury amenities,₹10–10 Lakh,Green Valley Builders,Regional developer,2/3/4 BHK,571–1237 sq.ft.,North-East,9.0 – 9.5 ft,Designer Modular Kitchen with Utility,Good connectivity,"Khandeshwar, Navi Mumbai",1 & 2 BHK – 471–1037 sq.ft.,"Available from HDFC, ICICI, SBI",MahaRERA,Completed,Jun 2026,P51700007090,No,Podium Parking,Yes,manned security,Near Khandeshwar Railway Station & Palm Beach Road,Navi Mumbai,Khandeshwar
Royal Panvel 1,Panvel,549 to 1085 sq.ft.,42 L to 7.8 Cr,42 L,Affordable options,₹10–13 Lakh,Panvel Developers,Regional developer,1/2/3 BHK,649–1285 sq.ft.,North-East,9.5 – 10.0 ft,Modular Kitchen with Granite Platform,Good connectivity,"Panvel, Navi Mumbai",1 & 2 BHK – 549–1085 sq.ft.,"Available from HDFC, ICICI, SBI",MahaRERA,Ready to Move,Mar 2025,P51700007091,No,Podium Parking,Yes,multi-tier security,Near Panvel Railway Station & Palm Beach Road,Navi Mumbai,Panvel
Imperial Panvel 2,Panvel,454 to 703 sq.ft.,33 L to 7.2 Cr,33 L,Premium developer,₹7–9 Lakh,Gateway Realty,Regional developer,1/2 BHK,554–903 sq.ft.,South-East,10.0 – 10.5 ft,L-Shaped Modular Kitchen,Good connectivity,"Panvel, Navi Mumbai",1 & 2 BHK – 454–703 sq.ft.,"Available from HDFC, ICICI, SBI",MahaRERA,Ready to Move,Dec 2025,P51700007092,No,Stilt Parking,Yes,24x7 security,Near Panvel Railway Station & Palm Beach Road,Navi Mumbai,Panvel
Grand Panvel 3,Panvel,408 to 613 sq.ft.,43 L to 9.6 Cr,43 L,Premium developer,₹5–15 Lakh,Panvel Developers,Regional developer,1/2 BHK,508–813 sq.ft.,East-West,10.0 – 10.5 ft,Compact Modular Kitchen,Good connectivity,"Panvel, Navi Mumbai",1 & 2 BHK – 408–613 sq.ft.,"Available from HDFC, ICICI, SBI",MahaRERA,Ongoing/Ready,Jan 2027,P51700007093,No,Basement Parking,Yes,multi-tier security,Near Panvel Railway Station & Palm Beach Road,Navi Mumbai,Panvel
Elite Panvel 4,Panvel,369 to 839 sq.ft.,54 L to 12.1 Cr,54 L,Luxury amenities,₹10–12 Lakh,Gateway Realty,Regional developer,1/2 BHK,469–1039 sq.ft.,East-West,10.0 – 10.0 ft,L-Shaped Modular Kitchen,Good connectivity,"Panvel, Navi Mumbai",1 & 2 BHK – 369–839 sq.ft.,"Available from HDFC, ICICI, SBI",MahaRERA,Ongoing/Ready,Dec 2026,P51700007094,No,Open Parking,Yes,access control,Near Panvel Railway Station & Palm Beach Road,Navi Mumbai,Panvel
Prime Panvel 5,Panvel,447 to 846 sq.ft.,69 L to 14.4 Cr,69 L,Affordable options,₹5–15 Lakh,Panvel Developers,Regional developer,2/3 BHK,547–1046 sq.ft.,East-West,9.5 – 9.5 ft,L-Shaped Modular Kitchen,Good connectivity,"Panvel, Navi Mumbai",1 & 2 BHK – 447–846 sq.ft.,"Available from HDFC, ICICI, SBI",MahaRERA,Ongoing/Ready,Jan 2026,P51700007095,Yes,Basement Parking,Yes,cctv security,Near Panvel Railway Station & Palm Beach Road,Navi Mumbai,Panvel
Luxe Panvel 6,Panvel,561 to 1052 sq.ft.,46 L to 10.1 Cr,46 L,Mid-segment,₹6–8 Lakh,Gateway Realty,Regional developer,2/3/4 BHK,661–1252 sq.ft.,North-East,10.0 – 9.5 ft,Open Kitchen with Dining Extension,Good connectivity,"Panvel, Navi Mumbai",1 & 2 BHK – 561–1052 sq.ft.,"Available from HDFC, ICICI, SBI",MahaRERA,Completed,Jun 2027,P51700007096,No,Podium Parking,Yes,multi-tier security,Near Panvel Railway Station & Palm Beach Road,Navi Mumbai,Panvel
Vista Panvel 7,Panvel,560 to 1067 sq.ft.,70 L to 13.5 Cr,70 L,Luxury amenities,₹8–14 Lakh,Panvel Developers,Regional developer,1/2/3 BHK,660–1267 sq.ft.,North-East,9.0 – 10.5 ft,L-Shaped Modular Kitchen,Good connectivity,"Panvel, Navi Mumbai",1 & 2 BHK – 560–1067 sq.ft.,"Available from HDFC, ICICI, SBI",MahaRERA,Ready to Move,Jun 2026,P51700007097,No,Stilt Parking,Yes,24x7 security,Near Panvel Railway Station & Palm Beach Road,Navi Mumbai,Panvel
Heights Panvel 8,Panvel,378 to 657 sq.ft.,57 L to 11.4 Cr,57 L,Affordable options,₹8–14 Lakh,Gateway Realty,Regional developer,2/3 BHK,478–857 sq.ft.,West-North,9.0 – 10.0 ft,Designer Modular Kitchen with Utility,Good connectivity,"Panvel, Navi Mumbai",1 & 2 BHK – 378–657 sq.ft.,"Available from HDFC, ICICI, SBI",MahaRERA,Ready to Move,Dec 2026,P51700007098,No,Multi-level Parking,Yes,cctv security,Near Panvel Railway Station & Palm Beach Road,Navi Mumbai,Panvel
Gardens Panvel 9,Panvel,402 to 924 sq.ft.,60 L to 12.9 Cr,60 L,Affordable options,₹4–8 Lakh,Panvel Developers,Regional developer,2/3/4 BHK,502–1124 sq.ft.,North-South,9.0 – 10.5 ft,Modular Kitchen with Granite Platform,Good connectivity,"Panvel, Navi Mumbai",1 & 2 BHK – 402–924 sq.ft.,"Available from HDFC, ICICI, SBI",MahaRERA,Ongoing/Ready,Jun 2026,P51700007099,No,Stilt Parking,Yes,24x7 security,Near Panvel Railway Station & Palm Beach Road,Navi Mumbai,Panvel
Residency Panvel 10,Panvel,352 to 892 sq.ft.,53 L to 13.1 Cr,53 L,Luxury amenities,₹4–15 Lakh,Gateway Realty,Regional developer,1/2 BHK,452–1092 sq.ft.,North-South,9.0 – 10.5 ft,Compact Modular Kitchen,Good connectivity,"Panvel, Navi Mumbai",1 & 2 BHK – 352–892 sq.ft.,"Available from HDFC, ICICI, SBI",MahaRERA,Ongoing,Dec 2027,P51700007100,Yes,Basement Parking,Yes,multi-tier security,Near Panvel Railway Station & Palm Beach Road,Navi Mumbai,Panvel
